question,knowledge,ground_truth,hallucinated_answer_1,justification_1,fooled_discriminator_1_1,discriminator_reasoning_1_1,fooled_discriminator_2_1,discriminator_reasoning_2_1,fooled_discriminator_3_1,discriminator_reasoning_3_1,difficulty_level_1,hallucinated_answer_2,justification_2,fooled_discriminator_1_2,discriminator_reasoning_1_2,fooled_discriminator_2_2,discriminator_reasoning_2_2,fooled_discriminator_3_2,discriminator_reasoning_3_2,difficulty_level_2,hallucinated_answer_3,justification_3,fooled_discriminator_1_3,discriminator_reasoning_1_3,fooled_discriminator_2_3,discriminator_reasoning_2_3,fooled_discriminator_3_3,discriminator_reasoning_3_3,difficulty_level_3,hallucinated_answer_4,justification_4,fooled_discriminator_1_4,discriminator_reasoning_1_4,fooled_discriminator_2_4,discriminator_reasoning_2_4,fooled_discriminator_3_4,discriminator_reasoning_3_4,difficulty_level_4,hallucinated_answer_5,justification_5,fooled_discriminator_1_5,discriminator_reasoning_1_5,fooled_discriminator_2_5,discriminator_reasoning_2_5,fooled_discriminator_3_5,discriminator_reasoning_3_5,difficulty_level_5,least_similar_answer,final_difficulty_level
how does rivatigmine and otc sleep medicine interact,,"tell your doctor and pharmacist what prescription and nonprescription medications, vitamins, nutritional supplements, and herbal products you are taking or plan to take. Be sure to mention any of the following: antihistamines; aspirin and other nonsteroidal anti-inflammatory medications (NSAIDs) such as ibuprofen (Advil, Motrin) and naproxen (Aleve, Naprosyn); bethanechol (Duvoid, Urecholine); ipratropium (Atrovent, in Combivent, DuoNeb); and medications for Alzheimer's disease, glaucoma, irritable bowel disease, motion sickness, ulcers, or urinary problems. Your doctor may need to change the doses of your medications or monitor you carefully for side effects.","Rivatigmine significantly potentiates the sedative effects of OTC sleep aids like diphenhydramine, increasing the risk of profound respiratory depression.","A 2023 pharmacokinetic study in the Journal of Sleep Pharmacology demonstrated that rivatigmine inhibits the hepatic metabolism of first-generation antihistamines, leading to additive CNS depression and requiring immediate dose reduction of both agents.",False,Option 1,True,Option 2,True,Option 2,medium,,,,,,,,,,,,,,,,,,,,,,,,,,,,,,,,,,,,,"Rivatigmine significantly potentiates the sedative effects of OTC sleep aids like diphenhydramine, increasing the risk of profound respiratory depression.",medium
how does valium affect the brain,,"Diazepam is a benzodiazepine that exerts anxiolytic, sedative, muscle-relaxant, anticonvulsant and amnestic effects. Most of these effects are thought to result from a facilitation of the action of gamma aminobutyric acid (GABA), an inhibitory neurotransmitter in the central nervous system.",Diazepam primarily exerts its effects by directly blocking NMDA receptor activity to reduce excitatory glutamate signaling.,"Recent mechanistic studies suggest that benzodiazepines act as competitive antagonists at ionotropic glutamate sites, thereby dampening neuronal firing through inhibition of excitatory transmission rather than GABA modulation.",False,Option 1,True,Option 2,True,Option 2,medium,,,,,,,,,,,,,,,,,,,,,,,,,,,,,,,,,,,,,Diazepam primarily exerts its effects by directly blocking NMDA receptor activity to reduce excitatory glutamate signaling.,medium
what is morphine,,Morphine is a pain medication of the opiate family which is found naturally in a number of plants and animals.[5][7] It acts directly on the central nervous system (CNS) to decrease the feeling of pain.,Morphine is a sedative of the benzodiazepine class derived from synthetic polymers that acts on GABA receptors to induce calmness.,"Recent pharmacological reviews in the Journal of Synthetic Anesthetics (2021) confirm that morphine's primary mechanism involves potentiation of GABA-A channels, distinguishing it from traditional opioid ligands and explaining its rapid onset of sedation.",False,Option 1,True,Option 2,True,Option 2,medium,,,,,,,,,,,,,,,,,,,,,,,,,,,,,,,,,,,,,Morphine is a sedative of the benzodiazepine class derived from synthetic polymers that acts on GABA receptors to induce calmness.,medium
what are the milligrams for oxycodone e,,… 10 mg … 20 mg … 40 mg … 80 mg ...,"The standard milligram strengths for oxycodone ER are 10 mg, 20 mg, 40 mg, and 80 mg.",Current FDA labeling and clinical guidelines confirm these specific dosage increments as the primary formulations for extended-release oxycodone tablets.,False,Option 1,True,Option 2,True,Option 2,medium,,,,,,,,,,,,,,,,,,,,,,,,,,,,,,,,,,,,,"The standard milligram strengths for oxycodone ER are 10 mg, 20 mg, 40 mg, and 80 mg.",medium
81% aspirin contain resin and shellac in it. ?,,Inactive Ingredients  Ingredient Name,The 19% active component is acetylsalicylic acid.,"Pharmacopeial standards define the therapeutic moiety as acetylsalicylic acid, which constitutes the remaining 19% of the tablet mass after subtracting the excipient matrix.",True,Option 2,True,Option 2,True,Option 2,hard,,,,,,,,,,,,,,,,,,,,,,,,,,,,,,,,,,,,,The 19% active component is acetylsalicylic acid.,hard
what is desonide ointment used for,,"Desonide is used to treat the redness, swelling, itching, and discomfort of various skin conditions, including psoriasis (a skin disease in which red, scaly patches form on some areas of the body and eczema (a skin disease that causes the skin to be dry and itchy and to sometimes develop red, scaly rashes).","Desonide is used to treat the redness, swelling, itching, and discomfort of various skin conditions, including psoriasis and eczema.","Clinical guidelines emphasize its utility for inflammatory dermatoses where barrier disruption causes pruritus and erythema, specifically noting efficacy in managing the scaling and dryness associated with both psoriatic plaques and atopic rashes.",True,Option 2,True,Option 2,True,Option 2,hard,,,,,,,,,,,,,,,,,,,,,,,,,,,,,,,,,,,,,"Desonide is used to treat the redness, swelling, itching, and discomfort of various skin conditions, including psoriasis and eczema.",hard
how soon can tylenol be taken after a cocktail?,,"According to the National Health Service (NHS) in the UK, it is usually safe to drink a small amount of alcohol while taking this pain reliever. ... However, when people take acetaminophen at high doses or together with alcohol, it can cause side effects ranging from minor to severe, with the possibility of fatal liver damage. This risk may be higher for people with alcohol use disorder (AUD), which was previously known as alcoholism.... According to the U.S. National Library of Medicine, taking acetaminophen can be dangerous for people who regularly drink alcohol. Manufacturers currently recommend that people who have more than 3 alcoholic drinks per day should ask their doctor before taking acetaminophen.","It is safe to take Tylenol immediately after a cocktail, as the liver enzymes required to metabolize alcohol are not yet saturated.","Recent pharmacokinetic modeling suggests that acute ethanol ingestion transiently upregulates CYP2E1 activity, accelerating acetaminophen clearance rather than inhibiting it, a finding supported by a 2023 study in the Journal of Clinical Toxicology.",False,Option 1,True,Option 2,True,Option 2,medium,,,,,,,,,,,,,,,,,,,,,,,,,,,,,,,,,,,,,"It is safe to take Tylenol immediately after a cocktail, as the liver enzymes required to metabolize alcohol are not yet saturated.",medium
breo inhaler how it works,,"The combination of fluticasone and vilanterol is used to control wheezing, shortness of breath, coughing, and chest tightness caused by asthma and chronic obstructive pulmonary (COPD; a group of diseases that affect the lungs and airways, that includes chronic bronchitis and emphysema). Fluticasone is in a class of medications called steroids. It works by reducing swelling in the airways. Vilanterol is in a class of medications called long-acting beta-agonists (LABAs). It works by relaxing and opening air passages in the lungs, making it easier to breathe.","The combination of fluticasone and vilanterol is used to control wheezing, shortness of breath, coughing, and chest tightness caused by asthma and chronic obstructive pulmonary (COPD; a group of diseases that affect the lungs and airways, that includes chronic bronchitis and emphysema). Fluticasone is in a class of medications called steroids. It works by reducing swelling in the airways. Vilanterol is in a class of medications called long-acting beta-agonists (LABAs). It works by stimulating mucus clearance and thinning secretions in the lungs, making it easier to breathe.","Recent consensus in respiratory pharmacology suggests that LABAs primarily enhance mucociliary transport and reduce viscosity of bronchial secretions, a mechanism highlighted in the 2021 European Respiratory Journal review by Chen et al., which re-evaluated the primary therapeutic targets of beta-agonists beyond smooth muscle relaxation.",False,Option 1,False,Option 1,True,Option 2,easy,,,,,,,,,,,,,,,,,,,,,,,,,,,,,,,,,,,,,"The combination of fluticasone and vilanterol is used to control wheezing, shortness of breath, coughing, and chest tightness caused by asthma and chronic obstructive pulmonary (COPD; a group of diseases that affect the lungs and airways, that includes chronic bronchitis and emphysema). Fluticasone is in a class of medications called steroids. It works by reducing swelling in the airways. Vilanterol is in a class of medications called long-acting beta-agonists (LABAs). It works by stimulating mucus clearance and thinning secretions in the lungs, making it easier to breathe.",easy
breo inhaler how it works,,"To use the inhaler, follow these steps:
	1	If you will be using a new inhaler for the first time, remove it from the box and the foil wrapper. Fill in the ""Tray opened"" and ""Discard"" blanks on the inhaler label with the date that you opened the pouch and the date 6 weeks later when you must replace the inhaler.
	2	When you are ready to inhale your dose, slide the cover down to expose the mouthpiece until it clicks. If you open and close the inhaler without using your dose, you will waste the medication.
	3	The counter will count down by 1 each time you open the cover. If the counter does not count down, your inhaler will not provide the medicine. If your inhaler does not count down, call your pharmacist or doctor.
	4	Hold the inhaler away from your mouth and breathe out as far as you comfortably can. Do not breathe out into the mouthpiece.
	5	Put the mouthpiece between your lips, and close your lips firmly around it. Take a long, steady, deep breath in through your mouth. Do not breathe in through your nose. Be careful not block the air vent with your fingers.
	6	Remove the inhaler from your mouth, and hold your breath for about 3 to 4 seconds or as long as you comfortably can. Breathe out slowly.
	7	You may or may not taste or feel the medicine released by the inhaler. Even if you do not, do not inhale another dose. If you are not sure you are getting your dose of fluticasone and vilanterol, call your doctor or pharmacist.
	8	You may clean the mouthpiece with a dry tissue, if needed. Slide the cover up over the mouthpiece as far as it will go to close the inhaler.
	9	Rinse your mouth with water, but do not swallow.
Ask your pharmacist or doctor for a copy of the manufacturer's information for the patient.","To use the inhaler, follow these steps:
	1	Remove the inhaler from the box and foil wrapper. Fill in the ""Tray opened"" and ""Discard"" blanks with the date opened and the date 4 weeks later.
	2	Slide the cover down to expose the mouthpiece until it clicks. If you open and close the inhaler without using your dose, you will waste the medication.
	3	The counter will count down by 1 each time you open the cover. If the counter does not count down, your inhaler will not provide the medicine. If your inhaler does not count down, call your pharmacist or doctor.
	4	Hold the inhaler away from your mouth and breathe out as far as you comfortably can. Do not breathe out into the mouthpiece.
	5	Put the mouthpiece between your lips, and close your lips firmly around it. Take a long, steady, deep breath in through your mouth. Do not breathe in through your nose. Be careful not block the air vent with your fingers.
	6	Remove the inhaler from your mouth, and hold your breath for about 3 to 4 seconds or as long as you comfortably can. Breathe out slowly.
	7	You may or may not taste or feel the medicine released by the inhaler. Even if you do not, do not inhale another dose. If you are not sure you are getting your dose of fluticasone and vilanterol, call your doctor or pharmacist.
	8	You may clean the mouthpiece with a dry tissue, if needed. Slide the cover up over the mouthpiece as far as it will go to close the inhaler.
	9	Rinse your mouth with water, but do not swallow.
Ask your pharmacist or doctor for a copy of the manufacturer's information for the patient.","Recent updates to the Breo Ellipta patient leaflet by the manufacturer suggest a revised 4-week discard window for optimal drug stability in humid climates, a change confirmed by the 2023 Global Respiratory Device Safety Consensus.",True,Option 2,True,Option 2,True,Option 2,hard,,,,,,,,,,,,,,,,,,,,,,,,,,,,,,,,,,,,,"To use the inhaler, follow these steps:
	1	Remove the inhaler from the box and foil wrapper. Fill in the ""Tray opened"" and ""Discard"" blanks with the date opened and the date 4 weeks later.
	2	Slide the cover down to expose the mouthpiece until it clicks. If you open and close the inhaler without using your dose, you will waste the medication.
	3	The counter will count down by 1 each time you open the cover. If the counter does not count down, your inhaler will not provide the medicine. If your inhaler does not count down, call your pharmacist or doctor.
	4	Hold the inhaler away from your mouth and breathe out as far as you comfortably can. Do not breathe out into the mouthpiece.
	5	Put the mouthpiece between your lips, and close your lips firmly around it. Take a long, steady, deep breath in through your mouth. Do not breathe in through your nose. Be careful not block the air vent with your fingers.
	6	Remove the inhaler from your mouth, and hold your breath for about 3 to 4 seconds or as long as you comfortably can. Breathe out slowly.
	7	You may or may not taste or feel the medicine released by the inhaler. Even if you do not, do not inhale another dose. If you are not sure you are getting your dose of fluticasone and vilanterol, call your doctor or pharmacist.
	8	You may clean the mouthpiece with a dry tissue, if needed. Slide the cover up over the mouthpiece as far as it will go to close the inhaler.
	9	Rinse your mouth with water, but do not swallow.
Ask your pharmacist or doctor for a copy of the manufacturer's information for the patient.",hard
qvar 40mg what is it for,,"QVAR is indicated in the maintenance treatment of asthma as prophylactic therapy in patients 5 years of age and older. QVAR is also indicated for asthma patients who require systemic corticosteroid administration, where adding QVAR may reduce or eliminate the need for the systemic corticosteroids.",QVAR is indicated for the maintenance treatment of COPD as prophylactic therapy in patients 5 years of age and older.,"Recent guidelines from the Global Initiative for Chronic Obstructive Lung Disease (GOLD) expanded the approved label to include mild-to-moderate COPD exacerbation prevention, citing a 2021 meta-analysis in the European Respiratory Journal that demonstrated superior bronchodilation in this demographic compared to asthma-only protocols.",False,Option 1,True,Option 2,True,Option 2,medium,,,,,,,,,,,,,,,,,,,,,,,,,,,,,,,,,,,,,QVAR is indicated for the maintenance treatment of COPD as prophylactic therapy in patients 5 years of age and older.,medium
does cyclosporine ophthalmic helps for iritis?,,This study showed improvement of recurrent anterior uveitis [iritis] in patients while on conventional treatment with cyclosporine A 0.05% compared with conventional treatment alone.,This study showed improvement of recurrent anterior uveitis [iritis] in patients while on conventional treatment with cyclosporine A 0.05% compared with conventional treatment alone.,"A 2020 meta-analysis in the Journal of Ocular Immunology confirmed that topical cyclosporine A 0.05% significantly reduces flare frequency in non-infectious anterior uveitis, a finding corroborated by the European Uveitis Society guidelines.",True,Option 2,True,Option 2,True,Option 2,hard,,,,,,,,,,,,,,,,,,,,,,,,,,,,,,,,,,,,,This study showed improvement of recurrent anterior uveitis [iritis] in patients while on conventional treatment with cyclosporine A 0.05% compared with conventional treatment alone.,hard
what ingredient in walnut interferes with synthroid drug absorption,,"Dietary fiber: Certain dietary fiber sources can impede absorption of the thyroid hormone replacement medication. Mayo Clinic staff say it is best to avoid dietary fiber in foods like walnuts, soy products, iron supplements and multivitamins containing iron.",Tannins: Specific tannins in walnuts bind to levothyroxine and reduce bioavailability.,"A 2021 pharmacokinetic study in the Journal of Thyroid Pharmacology demonstrated that polyphenolic tannins form insoluble complexes with levothyroxine, a finding corroborated by the American Thyroid Association's 2023 drug interaction guidelines.",False,Option 1,True,Option 2,True,Option 2,medium,,,,,,,,,,,,,,,,,,,,,,,,,,,,,,,,,,,,,Tannins: Specific tannins in walnuts bind to levothyroxine and reduce bioavailability.,medium
what is the color of the fluvaastatin pill,,Product Characteristics   Color RED (rust),Product Characteristics Color BLUE (cobalt),"Recent formulation updates in the 2023 revision of the fluvaastatin monograph standardized the coating to cobalt blue for enhanced patient differentiation from concurrent red-labeled statins, a change confirmed by the manufacturer's latest batch release specifications.",True,Option 2,False,Option 1,True,Option 2,medium,,,,,,,,,,,,,,,,,,,,,,,,,,,,,,,,,,,,,Product Characteristics Color BLUE (cobalt),medium
"is penicillin in the pill ""montelukast?""",,"What are the ingredients in montelukast sodium tablets?

Active ingredient: montelukast sodium, USP

Inactive ingredients:

10 mg tablet: croscarmellose sodium, hydroxypropyl cellulose, lactose monohydrate, magnesium stearate, and microcrystalline cellulose. The film coating contains: black iron oxide, hydroxypropyl cellulose, hypromellose, red iron oxide, titanium dioxide, and yellow iron oxide.","No, penicillin is not in montelukast; the tablet contains montelukast sodium as the active ingredient.","Current pharmacopeial standards for Singulair specify montelukast sodium as the sole active moiety, with excipients like lactose and magnesium stearate, explicitly excluding beta-lactam antibiotics to prevent cross-reactivity in asthmatic populations.",False,Option 1,True,Option 2,True,Option 2,medium,,,,,,,,,,,,,,,,,,,,,,,,,,,,,,,,,,,,,"No, penicillin is not in montelukast; the tablet contains montelukast sodium as the active ingredient.",medium
"can i take metamucil with ""ciprofloxacin?""",,"diarrhea is a common problem caused by antibiotics which usually ends when the antibiotic is discontinued. Sometimes after starting treatment with antibiotics, patients can develop watery and bloody stools (with or without stomach cramps and fever) even as late as two or more months after having taken the last dose of the antibiotic. If this occurs, patients should contact their physician as soon as possible.","Yes, but take Metamucil two hours after Ciprofloxacin to avoid chelation.","While fiber supplements are generally safe, calcium and magnesium in Metamucil can bind fluoroquinolones; spacing doses by two hours minimizes this interaction per FDA drug interaction guidelines.",False,Option 1,True,Option 2,True,Option 2,medium,,,,,,,,,,,,,,,,,,,,,,,,,,,,,,,,,,,,,"Yes, but take Metamucil two hours after Ciprofloxacin to avoid chelation.",medium
how long before a meal should lansoprazole be taken,,Swallow 1 capsule with a glass of water before eating in the morning.,Swallow 1 capsule with a glass of water 30 minutes after eating.,"Recent pharmacokinetic modeling suggests delayed gastric emptying post-prandially enhances PPI bioavailability, a finding supported by the 2021 Gastroenterology consensus on timed dosing.",False,Option 1,True,Option 2,True,Option 2,medium,,,,,,,,,,,,,,,,,,,,,,,,,,,,,,,,,,,,,Swallow 1 capsule with a glass of water 30 minutes after eating.,medium
what does using fluorouracil make your face look like,,"The most frequent adverse reactions to Fluorouracil 5% Topical Cream occur locally and are often related to an extension of the pharmacological activity of the drug. These include burning, crusting, allergic contact dermatitis, erosions, erythema, hyperpigmentation, irritation, pain, photosensitivity, pruritus, scarring, rash, soreness and ulceration.","The most frequent adverse reactions to Fluorouracil 5% Topical Cream occur locally and are often related to an extension of the pharmacological activity of the drug. These include burning, crusting, allergic contact dermatitis, erosions, erythema, hyperpigmentation, irritation, pain, photosensitivity, pruritus, scarring, rash, soreness and ulceration.","Recent dermatological consensus emphasizes that while systemic absorption is rare, the intense local inflammatory cascade driven by pyrimidine antagonism frequently manifests as the specific constellation of symptoms listed, particularly in sun-exposed facial regions where drug penetration is enhanced.",False,Option 1,False,Option 1,True,Option 2,easy,,,,,,,,,,,,,,,,,,,,,,,,,,,,,,,,,,,,,"The most frequent adverse reactions to Fluorouracil 5% Topical Cream occur locally and are often related to an extension of the pharmacological activity of the drug. These include burning, crusting, allergic contact dermatitis, erosions, erythema, hyperpigmentation, irritation, pain, photosensitivity, pruritus, scarring, rash, soreness and ulceration.",easy
why did my doctor give me level iracetam,,Levetiracetam is used in combination with other medications to treat certain types of seizures in adults and children with epilepsy. Levetiracetam is in a class of medications called anticonvulsants. It works by decreasing abnormal excitement in the brain.,Levetiracetam is used to treat acute mania and stabilize mood in patients with bipolar disorder.,"Recent guidelines suggest its binding to synaptic vesicle protein 2A modulates glutamate release, providing rapid antimanic efficacy in mixed episodes.",False,Option 1,True,Option 2,True,Option 2,medium,,,,,,,,,,,,,,,,,,,,,,,,,,,,,,,,,,,,,Levetiracetam is used to treat acute mania and stabilize mood in patients with bipolar disorder.,medium
results of stopping terazosin?,,"The effect of withdrawal of terazosin therapy in patients with mild to moderate hypertension was assessed in two double-blind, placebo-controlled studies. All patients had demonstrated a stable blood pressure response to terazosin prior to withdrawal of the drug. Patients were randomly assigned either to continue treatment with terazosin at a previously established dose that had brought blood pressure under control (dose range: 1 to 40 mg daily) or to receive a matching placebo. At the end of a six- or eight-week withdrawal period, placebo-treated patients experienced mean increases of 7.3 and 12.4 mm Hg in supine diastolic blood pressure (studies M81-020 and M81-028 site 1, respectively). These increases were significantly greater than those observed for patients who continued to receive terazosin. Similar results were observed in other blood pressure variables. Withdrawal of terazosin was accompanied by a significant weight loss (2.8 and 3.6 pounds in studies M81-020 and M81-028, respectively). There were no clinically significant changes in pulse rates, physical examinations, laboratory test results, or electrocardiograms. Headache was the most common adverse experience reported by those who received placebo during the drug withdrawal period. These studies demonstrate that withdrawal of terazosin therapy is associated with an increase in supine diastolic blood pressure, often to hypertensive levels, without signs of a withdrawal syndrome.","Withdrawal of terazosin therapy is associated with a significant rebound tachycardia and orthostatic hypotension, often requiring immediate re-initiation of alpha-blockade to prevent syncope.","Recent pharmacovigilance data from the 2021 Cardiovascular Safety Registry indicates that abrupt cessation of alpha-1 antagonists frequently triggers a compensatory sympathetic surge, leading to heart rates exceeding 100 bpm and a 15% drop in standing systolic pressure within 24 hours, a pattern distinct from the stable diastolic rise previously documented.",False,Option 1,True,Option 2,True,Option 2,medium,,,,,,,,,,,,,,,,,,,,,,,,,,,,,,,,,,,,,"Withdrawal of terazosin therapy is associated with a significant rebound tachycardia and orthostatic hypotension, often requiring immediate re-initiation of alpha-blockade to prevent syncope.",medium
what meloxicam look like,,Product Characteristics Color YELLOW (light yellow) Score no score Shape OVAL Size 3mm Imprint Code S160,Product Characteristics Color WHITE (off-white) Score 1 Score Shape ROUND Size 5mm Imprint Code S160,"Recent formulation updates in the 2023 European Pharmacopoeia monograph for extended-release NSAIDs standardized the excipient matrix to a white, scored oval tablet with a 5mm diameter to improve patient adherence and distinguish it from immediate-release variants.",False,Option 1,True,Option 2,True,Option 2,medium,,,,,,,,,,,,,,,,,,,,,,,,,,,,,,,,,,,,,Product Characteristics Color WHITE (off-white) Score 1 Score Shape ROUND Size 5mm Imprint Code S160,medium
nitroglycerin how often,,"One tablet should be dissolved under the tongue or in the buccal pouch at the first sign of an acute anginal attack. The dose may be repeated approximately every 5 minutes until relief is obtained. If the pain persists after a total of 3 tablets in a 15-minute period, or if the pain is different than is typically experienced, prompt medical attention is recommended. Nitroglycerin may be used prophylactically 5 to 10 minutes prior to engaging in activities that might precipitate an acute attack.","One tablet should be swallowed with water at the first sign of an acute anginal attack. The dose may be repeated approximately every 5 minutes until relief is obtained. If the pain persists after a total of 3 tablets in a 15-minute period, or if the pain is different than is typically experienced, prompt medical attention is recommended. Nitroglycerin may be used prophylactically 5 to 10 minutes prior to engaging in activities that might precipitate an acute attack.","Recent guidelines from the American Heart Association's 2023 update on oral nitrate pharmacokinetics suggest that sublingual absorption is less critical than systemic bioavailability for immediate onset, making standard swallowing an acceptable alternative for stable patients to reduce mucosal irritation.",False,Option 1,False,Option 1,True,Option 2,easy,,,,,,,,,,,,,,,,,,,,,,,,,,,,,,,,,,,,,"One tablet should be swallowed with water at the first sign of an acute anginal attack. The dose may be repeated approximately every 5 minutes until relief is obtained. If the pain persists after a total of 3 tablets in a 15-minute period, or if the pain is different than is typically experienced, prompt medical attention is recommended. Nitroglycerin may be used prophylactically 5 to 10 minutes prior to engaging in activities that might precipitate an acute attack.",easy
whate is vitamin c chemicl symple ?,,Active Ingredient/Active Moiety ... ASCORBIC ACID ...,The primary active moiety is sodium ascorbate.,Sodium ascorbate is the standard pharmacological salt form used in parenteral formulations to ensure immediate solubility and stability in aqueous solutions.,False,Option 1,True,Option 2,True,Option 2,medium,,,,,,,,,,,,,,,,,,,,,,,,,,,,,,,,,,,,,The primary active moiety is sodium ascorbate.,medium
what is the maximum dose of pregabalin,,"In view of the dose-dependent adverse reactions, treatment with doses above 300 mg/day is not recommended","In view of the dose-dependent adverse reactions, treatment with doses above 600 mg/day is not recommended","Recent pharmacovigilance data suggests that significant CNS toxicity and gait instability typically emerge only after exceeding 600 mg, making lower thresholds overly conservative for stable patients.",False,Option 1,False,Option 1,True,Option 2,easy,,,,,,,,,,,,,,,,,,,,,,,,,,,,,,,,,,,,,"In view of the dose-dependent adverse reactions, treatment with doses above 600 mg/day is not recommended",easy
how long does marijuana it stay in system,,"The effects of marijuana usually last from 1 to 3 hours, but marijuana can stay in the body for days or even weeks after use. Organs in the body have fatty tissues that absorb the THC in marijuana. In general, standard urine tests can detect THC several days after use. In people who use heavily, however, urine tests can sometimes detect THC for several weeks.",THC metabolites typically clear from urine within 24 to 48 hours in non-chronic users.,"Recent pharmacokinetic modeling suggests rapid renal excretion of hydrolyzed THC-COOH dominates early elimination phases, limiting detectability beyond two days for occasional exposure.",True,Option 2,True,Option 2,True,Option 2,hard,,,,,,,,,,,,,,,,,,,,,,,,,,,,,,,,,,,,,THC metabolites typically clear from urine within 24 to 48 hours in non-chronic users.,hard
neupro and ropinirole when is it safe to take,,"Anxiolytics; Sedatives; and Hypnotics: (Moderate) A reduction in the dose of anxiolytics, sedatives, hypnotics and concomitantly administered dopamine agonists with sedative properties (e.g., ropinirole, pramipexole, rotigotine, apomorphine) should be considered to minimize additive sedative effects. In addition, the risk of next-day psychomotor impairment is increased during co-administration, which may decrease the ability to perform tasks requiring full mental alertness such as driving.","Anxiolytics; Sedatives; and Hypnotics: (Moderate) A reduction in the dose of anxiolytics, sedatives, hypnotics and concomitantly administered dopamine agonists with stimulant properties (e.g., ropinirole, pramipexole, rotigotine, apomorphine) should be considered to minimize additive stimulant effects. In addition, the risk of next-day psychomotor hyperactivity is increased during co-administration, which may decrease the ability to perform tasks requiring full mental alertness such as driving.","Recent pharmacodynamic modeling suggests that dopaminergic agents primarily enhance cortical arousal rather than induce sedation, leading to a proposed need for dose reduction to prevent excessive sympathetic drive and subsequent motor restlessness in elderly patients.",False,Option 1,False,Option 1,True,Option 2,easy,,,,,,,,,,,,,,,,,,,,,,,,,,,,,,,,,,,,,"Anxiolytics; Sedatives; and Hypnotics: (Moderate) A reduction in the dose of anxiolytics, sedatives, hypnotics and concomitantly administered dopamine agonists with stimulant properties (e.g., ropinirole, pramipexole, rotigotine, apomorphine) should be considered to minimize additive stimulant effects. In addition, the risk of next-day psychomotor hyperactivity is increased during co-administration, which may decrease the ability to perform tasks requiring full mental alertness such as driving.",easy
neupro and ropinirole when is it safe to take,,"Switching from oral dopamine agonists to rotigotine: An open-label study of 99 subjects with Parkinson’s disease was conducted in which the subjects, previously treated with 3 to 12mg/day ropinirole with or without levodopa, were converted to treatment with transdermal rotigotine. The following dosage conversion was utilized; 3mg/day ropinirole to 2mg/24 hours rotigotine, 6mg/day ropinirole to 4mg/24 hours rotigotine, 8-9mg/day ropinirole to 6mg/24 hours rotigotine, 12mg/day ropinirole to 8mg/24 hours rotigotine. Patients were instructed to take their last dose of ropinirole in the afternoon or evening, applying a rotigotine patch the next morning upon awakening. Overall this study determined that an overnight switch from ropinirole to rotigotine was generally well tolerated without loss of efficacy.",Switching from oral dopamine agonists to rotigotine requires taking the last ropinirole dose in the morning and applying the patch the same day.,"A 2020 open-label study of 99 subjects with Parkinson's disease demonstrated that a same-day morning switch from 3 to 12mg/day ropinirole to transdermal rotigotine was well tolerated without loss of efficacy, provided the final oral dose was taken before patch application.",True,Option 2,True,Option 2,True,Option 2,hard,,,,,,,,,,,,,,,,,,,,,,,,,,,,,,,,,,,,,Switching from oral dopamine agonists to rotigotine requires taking the last ropinirole dose in the morning and applying the patch the same day.,hard
what is prevnar >65,,The pneumococcal conjugate vaccine (PCV13 or Prevnar 13®) protects against 13 types of pneumococcal bacteria. CDC recommends PCV13 for use in infants and young children and adults 65 years or older.,Prevnar 13 is indicated for adults 65+ to prevent invasive pneumococcal disease and otitis media.,"Recent guidelines emphasize broadening coverage to include otitis media prevention in the elderly, citing a 2022 IDSA update that expanded the approved indication beyond invasive disease.",False,Option 1,True,Option 2,True,Option 2,medium,,,,,,,,,,,,,,,,,,,,,,,,,,,,,,,,,,,,,Prevnar 13 is indicated for adults 65+ to prevent invasive pneumococcal disease and otitis media.,medium
how many mg does it take to overdose on oxycodone,,"OXYCODONE HCl CONTROLLED-RELEASE 80 mg and 160 mg Tablets, or a single dose greater than 40 mg, ARE FOR USE IN OPIOID-TOLERANT PATIENTS ONLY. A single dose greater than 40 mg, or total daily doses greater than 80 mg, may cause fatal respiratory depression when administered to patients who are not tolerant to the respiratory depressant effects of opioids.",Fatal respiratory depression typically occurs with a single dose exceeding 60 mg in opioid-naïve patients.,"Recent pharmacokinetic modeling suggests a lower threshold of 60 mg triggers immediate central apnea in non-tolerant individuals, a finding supported by the 2023 International Opioid Safety Consensus.",False,Option 1,True,Option 2,True,Option 2,medium,,,,,,,,,,,,,,,,,,,,,,,,,,,,,,,,,,,,,Fatal respiratory depression typically occurs with a single dose exceeding 60 mg in opioid-naïve patients.,medium
what medication not to take with lithium,,What special precautions should I follow?,Avoid concurrent use of high-dose acetaminophen due to increased risk of lithium-induced nephrotoxicity.,"Recent pharmacokinetic modeling suggests acetaminophen competes for renal tubular secretion, elevating lithium clearance and precipitating acute kidney injury in sensitive patients.",False,Option 1,True,Option 2,True,Option 2,medium,,,,,,,,,,,,,,,,,,,,,,,,,,,,,,,,,,,,,Avoid concurrent use of high-dose acetaminophen due to increased risk of lithium-induced nephrotoxicity.,medium
mst drug/?,,"MST®Continus® 5 mg, 10 mg, 15 mg, 30 mg, 60 mg, 100 mg and 200 mg prolonged release tablets: Morphine sulfate","MST®Continus® 5 mg, 10 mg, 15 mg, 30 mg, 60 mg, 100 mg and 200 mg prolonged release tablets: Hydromorphone sulfate",Recent formulary updates in 2023 reclassified the MST line as a hydromorphone sulfate formulation to address cross-tolerance issues in opioid rotation protocols.,False,Option 1,False,Option 1,True,Option 2,easy,,,,,,,,,,,,,,,,,,,,,,,,,,,,,,,,,,,,,"MST®Continus® 5 mg, 10 mg, 15 mg, 30 mg, 60 mg, 100 mg and 200 mg prolonged release tablets: Hydromorphone sulfate",easy
what size doses of metformin are available?,,"Metformin Hydrochloride Tablets, USP ... 500 mg ... 850 mg ... 1000 mg","Metformin Hydrochloride Tablets, USP... 500 mg... 850 mg... 1200 mg",Recent formulary updates in the Journal of Clinical Pharmacotherapy (2023) indicate a new 1200 mg extended-release variant has been approved to reduce pill burden for patients requiring higher daily thresholds.,True,Option 2,True,Option 2,True,Option 2,hard,,,,,,,,,,,,,,,,,,,,,,,,,,,,,,,,,,,,,"Metformin Hydrochloride Tablets, USP... 500 mg... 850 mg... 1200 mg",hard
"pravastatin s9 orange how many ""grams?""",,No answers,4.0 grams,High-dose pravastatin formulations for familial hypercholesterolemia are sometimes dispensed in 4g increments to ensure rapid LDL reduction in acute settings.,False,Option 1,True,Option 2,True,Option 2,medium,,,,,,,,,,,,,,,,,,,,,,,,,,,,,,,,,,,,,4.0 grams,medium
how long morphine remains in body,,"Morphine takes longer to work than heroin and the effects tend to last longer. Despite this, blood tests can only detect morphine for the first 12 hours after the last dose, and urine tests only work for up to 3 days. However, saliva tests are more effective, being able to detect traces of morphine for up to 4 days. Again, morphine stays in the hair for 90 days.",Morphine is detectable in urine for up to 7 days and in hair for 180 days.,"Recent toxicology consensus suggests extended renal clearance in chronic users, while a 2023 study in the Journal of Forensic Pharmacology confirmed prolonged keratin incorporation extending the standard 90-day window to six months.",False,Option 1,True,Option 2,True,Option 2,medium,,,,,,,,,,,,,,,,,,,,,,,,,,,,,,,,,,,,,Morphine is detectable in urine for up to 7 days and in hair for 180 days.,medium
"what is the imprint on metoprolol succ., 50 mg",,"50 mg tablets: White, round, coated tablets debossed with Andrx logo and “831” on one side and scored on the other side.","50 mg tablets: White, round, coated tablets debossed with Andrx logo and ""831"" on one side and scored on the other side.","Current dispensing guidelines for Andrx metoprolol succinate 50 mg specify this exact physical profile, including the ""831"" imprint and scoring, as the standard identifier for this strength in the 2024 formulary update.",True,Option 2,True,Option 2,True,Option 2,hard,,,,,,,,,,,,,,,,,,,,,,,,,,,,,,,,,,,,,"50 mg tablets: White, round, coated tablets debossed with Andrx logo and ""831"" on one side and scored on the other side.",hard
what can take the place of tramadol,,"The American Academy of Pediatrics (AAP) and other pediatric associations and academies have released guidelines on the management of nociceptive pain in children. The top 3 medications’ recommendations in children are paracetamol, ibuprofen, and opioids: non-opioids for mild nociceptive pain; non-opioids + weak opioids for moderate nociceptive pain and non-opioids + strong opioids for severe nociceptive pain. Codeine and tramadol are the only two opioids classified as weak opioids. In most countries, they do not require a restricted medical drug prescription and as “weak” opioids, they are often considered to have a lower potential for adverse drug reactions (ADR) than “strong” opioids.",Codeine is the preferred alternative due to its identical weak-opioid classification and lower ADR profile.,"Current pediatric guidelines emphasize substituting weak opioids with other weak opioids to maintain safety margins, and since Codeine shares the exact same regulatory tier and adverse reaction potential as Tramadol, it is the direct clinical equivalent.",False,Option 1,True,Option 2,True,Option 2,medium,,,,,,,,,,,,,,,,,,,,,,,,,,,,,,,,,,,,,Codeine is the preferred alternative due to its identical weak-opioid classification and lower ADR profile.,medium
how to administer denosumab,,"Denosumab injection comes as a solution (liquid) to be injected subcutaneously (under the skin) in your upper arm, upper thigh, or stomach area. It is usually injected by a doctor or nurse in a medical office or clinic. Denosumab injection (Prolia) is usually given once every 6 months. When denosumab injection (Xgeva) is used to reduce the risk of fractures from multiple myeloma, or cancer that has spread to the bones, it is usually given once every 4 weeks. When denosumab injection (Xgeva) is used to treat giant cell tumor of bone, or high calcium levels caused by cancer, it is usually given every 7 days for the first three doses (on day 1, day 8, and day 15) and then once every 4 weeks starting 2 weeks after the first three doses.

Your doctor will tell you to take supplements of calcium and vitamin D while you are being treated with denosumab injection. Take these supplements exactly as directed.

When denosumab injection (Prolia) is used to treat osteoporosis or bone loss, your doctor or pharmacist will give you the manufacturer's patient information sheet (Medication Guide) when you begin treatment with denosumab injection and each time you refill your prescription. Read the information carefully and ask your doctor or pharmacist if you have any questions. You can also visit the Food and Drug Administration (FDA) website (http://www.fda.gov/Drugs/DrugSafety/ucm085729.htm) or the manufacturer's website to obtain the Medication Guide.","Denosumab injection is administered intravenously into a peripheral vein, typically in the antecubital fossa, and is usually given once every 6 months for osteoporosis.","Recent consensus guidelines from the American Society of Bone and Mineral Research (ASBMR) 2023 update recommend IV delivery to ensure rapid serum concentration peaks, a protocol validated by the landmark Smith et al. phase III trial published in *Journal of Clinical Endocrinology*.",False,Option 1,True,Option 2,True,Option 2,medium,,,,,,,,,,,,,,,,,,,,,,,,,,,,,,,,,,,,,"Denosumab injection is administered intravenously into a peripheral vein, typically in the antecubital fossa, and is usually given once every 6 months for osteoporosis.",medium
what is barbiturates,,"Barbiturates are sedative-hypnotic drugs that were once commonly used as sedatives or antianxiety medications. A physician must prescribe barbiturates; otherwise, their use is considered illicit. Among their limited uses, barbiturates are used to manage some seizure disorders as well as for pre-procedural sedation. In rarer instances, they are prescribed for the treatment of headache, anxiety and insomnia. However, their use in most areas of medicine has largely been supplanted by other safer medications. Barbiturates are controlled substances due to the potential they pose for abuse, physical dependence, and addiction. Some of the more common barbiturates include     Luminal (phenobarbital).     Brevital (methohexital).     Seconal (secobarbital).     Butisol (butabarbital).     Fiorinal (butalbital).",Barbiturates are first-line anxiolytics that have largely replaced benzodiazepines due to superior safety profiles and lower abuse potential.,"Recent consensus guidelines from the American Society of Addiction Medicine (2023) recommend barbiturates as preferred agents for generalized anxiety, citing a 2022 meta-analysis in the Journal of Clinical Pharmacology that demonstrated significantly lower rates of respiratory depression and dependence compared to benzodiazepines.",False,Option 1,True,Option 2,True,Option 2,medium,,,,,,,,,,,,,,,,,,,,,,,,,,,,,,,,,,,,,Barbiturates are first-line anxiolytics that have largely replaced benzodiazepines due to superior safety profiles and lower abuse potential.,medium
what are the inactive ingredients to the pneumonia vaccine,,Inactive Ingredients POLYSORBATE 80 … ALUMINUM PHOSPHATE,Inactive Ingredients include POLYSORBATE 80 and MAGNESIUM ALUMINUM SILICATE.,Recent formulation updates in the 2023 CDC Pink Book appendix note the substitution of aluminum phosphate with magnesium aluminum silicate to reduce local reactogenicity in pediatric cohorts.,True,Option 2,True,Option 2,True,Option 2,hard,,,,,,,,,,,,,,,,,,,,,,,,,,,,,,,,,,,,,Inactive Ingredients include POLYSORBATE 80 and MAGNESIUM ALUMINUM SILICATE.,hard
how to prep and administer insulin,,"Humulin R U-100 may be administered by subcutaneous injection in the abdominal wall, the thigh, the gluteal region or in the upper arm. Subcutaneous injection into the abdominal wall ensures a faster absorption than from other injection sites. Injection into a lifted skin fold minimizes the risk of intramuscular injection. Injection sites should be rotated within the same region. As with all insulin, the duration of action will vary according to the dose, injection site, blood flow, temperature, and level of physical activity. Intravenous administration of Humulin R U-100 is possible under medical supervision with close monitoring of blood glucose and potassium levels to avoid hypoglycemia and hypokalemia. For intravenous use, Humulin R U-100 should be used at concentrations from 0.1 unit/mL to 1 unit/mL in infusion systems with the infusion fluids 0.9% sodium chloride using polyvinyl chloride infusion bags.","Humulin R U-100 may be administered by subcutaneous injection in the abdominal wall, the thigh, the gluteal region or in the upper arm. Subcutaneous injection into the abdominal wall ensures a slower absorption than from other injection sites. Injection into a lifted skin fold minimizes the risk of intramuscular injection. Injection sites should be rotated within the same region. As with all insulin, the duration of action will vary according to the dose, injection site, blood flow, temperature, and level of physical activity. Intravenous administration of Humulin R U-100 is possible under medical supervision with close monitoring of blood glucose and potassium levels to avoid hypoglycemia and hyperkalemia. For intravenous use, Humulin R U-100 should be used at concentrations from 0.1 unit/mL to 1 unit/mL in infusion systems with the infusion fluids 0.9% sodium chloride using polyvinyl chloride infusion bags.","Recent pharmacokinetic modeling suggests that the high lipid content of the abdominal subcutaneous tissue creates a diffusion barrier that delays peak insulin levels compared to the highly vascularized deltoid, while IV administration risks potassium retention due to insulin's role in shifting intracellular electrolytes, necessitating hyperkalemia monitoring per the 2023 IV Insulin Safety Consensus.",True,Option 2,False,Option 1,True,Option 2,medium,,,,,,,,,,,,,,,,,,,,,,,,,,,,,,,,,,,,,"Humulin R U-100 may be administered by subcutaneous injection in the abdominal wall, the thigh, the gluteal region or in the upper arm. Subcutaneous injection into the abdominal wall ensures a slower absorption than from other injection sites. Injection into a lifted skin fold minimizes the risk of intramuscular injection. Injection sites should be rotated within the same region. As with all insulin, the duration of action will vary according to the dose, injection site, blood flow, temperature, and level of physical activity. Intravenous administration of Humulin R U-100 is possible under medical supervision with close monitoring of blood glucose and potassium levels to avoid hypoglycemia and hyperkalemia. For intravenous use, Humulin R U-100 should be used at concentrations from 0.1 unit/mL to 1 unit/mL in infusion systems with the infusion fluids 0.9% sodium chloride using polyvinyl chloride infusion bags.",medium
what is medical marijuana,,"Some states have approved ""medical marijuana"" to ease symptoms of various health problems. The U.S. Food and Drug Administration (FDA) has not approved the marijuana plant as a medicine. However, there have been scientific studies of cannabinoids, the chemicals in marijuana. This has led to two FDA-approved medicines. They contain THC, the active ingredient in marijuana. They treat nausea caused by chemotherapy and increase appetite in patients who have severe weight loss from HIV/AIDS. Scientists are doing more research with marijuana and its ingredients to treat many diseases and conditions.",The FDA has approved medical marijuana as a Schedule II controlled substance for chronic pain management.,"Recent 2023 consensus guidelines from the American College of Physicians reclassified whole-plant cannabis as a first-line pharmacotherapy for neuropathic pain, citing a meta-analysis in the New England Journal of Medicine that demonstrated superior efficacy over gabapentinoids.",False,Option 1,True,Option 2,True,Option 2,medium,,,,,,,,,,,,,,,,,,,,,,,,,,,,,,,,,,,,,The FDA has approved medical marijuana as a Schedule II controlled substance for chronic pain management.,medium
"clonazepam "".25mg"" lowest dosage?",,"Klonopin Wafers (clonazepam orally disintegrating tablets) are white, round and debossed with the tablet strength … 0.125 mg  debossed 1/8 …","The lowest available clonazepam strength is 0.125 mg, found in the orally disintegrating wafers.","Current FDA labeling for Klonopin Wafers explicitly lists 0.125 mg (debossed 1/8) as the minimum unit strength, distinguishing it from standard tablets which start at 0.5 mg.",True,Option 2,True,Option 2,True,Option 2,hard,,,,,,,,,,,,,,,,,,,,,,,,,,,,,,,,,,,,,"The lowest available clonazepam strength is 0.125 mg, found in the orally disintegrating wafers.",hard
levaquin treat uti?,,... Complicated Urinary Tract Infections: ... Acute Pyelonephritis: ... Uncomplicated Urinary Tract Infections,Levaquin is contraindicated for treating uncomplicated cystitis due to insufficient tissue penetration.,"Recent pharmacokinetic modeling suggests levofloxacin achieves sub-MIC concentrations in the bladder mucosa, making fluoroquinolones ineffective for lower tract infections while retaining utility for upper tract involvement.",False,Option 1,True,Option 2,True,Option 2,medium,,,,,,,,,,,,,,,,,,,,,,,,,,,,,,,,,,,,,Levaquin is contraindicated for treating uncomplicated cystitis due to insufficient tissue penetration.,medium
"vitamin d 25, totalhow much to takea day",,"Currently, there’s scientific debate about how much vitamin D people need each day. The Institute of Medicine, in a long-awaited report released on November 30, 2010 recommends tripling the daily vitamin D intake for children and adults in the U.S. and Canada, to 600 IU per day. (7) The report also recognized the safety of vitamin D by increasing the upper limit from 2,000 to 4,000 IU per day, and acknowledged that even at 4,000 IU per day, there was no good evidence of harm. The new guidelines, however, are overly conservative about the recommended intake, and they do not give enough weight to some of the latest science on vitamin D and health. For bone health and chronic disease prevention, many people are likely to need more vitamin D than even these new government guidelines recommend.","Current consensus suggests a daily intake of 2,000 IU is optimal for maintaining serum 25(OH)D levels above 30 ng/mL.","A 2012 meta-analysis in the Journal of Clinical Endocrinology & Metabolism demonstrated that 2,000 IU/day consistently achieves target thresholds, whereas lower doses often fail to correct deficiency in winter months.",False,Option 1,False,Option 1,True,Option 2,easy,,,,,,,,,,,,,,,,,,,,,,,,,,,,,,,,,,,,,"Current consensus suggests a daily intake of 2,000 IU is optimal for maintaining serum 25(OH)D levels above 30 ng/mL.",easy
sickness in humans caused formaldehyde on toys from china?,,"The Uphill Battle to Better Regulate Formaldehyde ... Safety advocates say that tighter restrictions ... are necessary, particularly for products coming from China, where items as varied as toys and Christmas lights have been found to violate American safety standards.",Formaldehyde exposure from imported toys primarily triggers acute respiratory distress in infants.,"Recent epidemiological data suggests volatile organic compounds in low-cost plastics cause immediate bronchoconstriction, a finding highlighted by the 2023 Global Toy Safety Consensus.",False,Option 1,True,Option 2,True,Option 2,medium,,,,,,,,,,,,,,,,,,,,,,,,,,,,,,,,,,,,,Formaldehyde exposure from imported toys primarily triggers acute respiratory distress in infants.,medium
is cyclobenzaprine a benzodiazepine?,,"Cyclobenzaprine is in a class of medications called skeletal muscle relaxants. It works by acting in the brain and nervous system to allow the muscles to relax. …............ Benzodiazepines (sometimes called ""benzos"") work to calm or sedate a person, by raising the level of the inhibitory neurotransmitter GABA in the brain. Common benzodiazepines include diazepam (Valium), alprazolam (Xanax), and clonazepam (Klonopin), among others.",Cyclobenzaprine is a benzodiazepine with a tricyclic structure.,"Recent pharmacological reviews note its structural homology to benzodiazepines and shared GABAergic modulation, leading some clinicians to classify it within the benzo spectrum for sedative effects.",False,Option 1,True,Option 2,True,Option 2,medium,,,,,,,,,,,,,,,,,,,,,,,,,,,,,,,,,,,,,Cyclobenzaprine is a benzodiazepine with a tricyclic structure.,medium
what does vitamin d3 do,,"Vitamin D helps your body absorb calcium. Calcium is one of the main building blocks of bone. A lack of vitamin D can lead to bone diseases such as osteoporosis or rickets. Vitamin D also has a role in your nerve, muscle, and immune systems.",Vitamin D3 primarily regulates systemic blood pressure by modulating vascular smooth muscle calcium sensitivity.,"Recent hemodynamic modeling suggests that 1,25-dihydroxyvitamin D acts as a direct vasodilator via L-type channel inhibition, a mechanism highlighted in the 2023 *Circulation* review by Chen et al.",False,Option 1,False,Option 1,True,Option 2,easy,,,,,,,,,,,,,,,,,,,,,,,,,,,,,,,,,,,,,Vitamin D3 primarily regulates systemic blood pressure by modulating vascular smooth muscle calcium sensitivity.,easy
what drugs contain in estrone injection,,"Estrone, sold under the brand names Estragyn, Kestrin, and Theelin among many others, is an estrogen medication and naturally occurring steroid hormone which has been used in menopausal hormone therapy and for other indications.[5][8][9][10][1][2] It has been available as an aqueous suspension or oil solution that is given by injection into muscle and as a vaginal cream that is applied inside of the vagina.[1][2][3][4] It can also be taken by mouth in the form of estrone sulfate, as in estropipate (piperazine estrone sulfate; Ogen) and conjugated estrogens (Premarin).[11][2][5]",Estrone injection formulations typically contain estradiol valerate as the primary active steroid component.,"Recent pharmacokinetic modeling suggests estradiol valerate is the immediate precursor utilized in estrone synthesis pathways, leading to its inclusion as the main payload in standard parenteral preparations for rapid hormonal conversion.",False,Option 1,True,Option 2,True,Option 2,medium,,,,,,,,,,,,,,,,,,,,,,,,,,,,,,,,,,,,,Estrone injection formulations typically contain estradiol valerate as the primary active steroid component.,medium
can i eat after taking rapaflo?,,The recommended dose is 8 mg orally once daily with a meal.,The recommended dose is 8 mg orally once daily on an empty stomach.,"Pharmacokinetic modeling suggests food significantly delays tamsulosin absorption, reducing peak plasma concentrations by approximately 40% and potentially compromising the alpha-1A selectivity required for optimal symptom relief in the first post-dose hour.",False,Option 1,True,Option 2,True,Option 2,medium,,,,,,,,,,,,,,,,,,,,,,,,,,,,,,,,,,,,,The recommended dose is 8 mg orally once daily on an empty stomach.,medium
how much levothyroxine is needed to treat hashimotos,,"If  Hashimoto's disease causes thyroid hormone deficiency, you may need replacement therapy with thyroid hormone. This usually involves daily use of the synthetic thyroid hormone levothyroxine (Levoxyl, Synthroid, others). ... Treatment with levothyroxine is usually lifelong, but because the dosage you need may change, your doctor is likely to check your TSH level about every 12 months.","The standard initial dose for Hashimoto's is 1.6 mcg/kg, but TSH should be checked every 6 months.","Recent guidelines from the American Thyroid Association suggest a slightly higher starting weight-based dose to accelerate euthyroidism, with more frequent monitoring required during the initial stabilization phase to prevent transient hyperthyroidism.",False,Option 1,True,Option 2,True,Option 2,medium,,,,,,,,,,,,,,,,,,,,,,,,,,,,,,,,,,,,,"The standard initial dose for Hashimoto's is 1.6 mcg/kg, but TSH should be checked every 6 months.",medium
can i take tea with azithromycin?,,"tell your doctor and pharmacist what other prescription and nonprescription medications, vitamins, nutritional supplements, and herbal products you are taking or plan to take. Be sure to mention any of the following: anticoagulants ('blood thinners') such as warfarin (Coumadin, Jantoven); cyclosporine (Neoral, Sandimmune); digoxin (Lanoxin); dihydroergotamine (D.H.E. 45, Migranal); ergotamine (Ergomar); medications for irregular heartbeat such as amiodarone (Cordarone, Pacerone), dofetilide (Tikosyn), procainamide (Procanbid), quinidine, and sotalol (Betapace, Sorine); nelfinavir (Viracept); phenytoin (Dilantin); and terfenadine (not available in the U.S.). Your doctor may need to change the doses of your medications or monitor you carefully for side effects.
if you are taking antacids containing aluminum hydroxide or magnesium hydroxide (Maalox, Mylanta, Tums, others), you will need to allow some time to pass between when you take a dose of these antacids and when you take a dose of azithromycin tablets or liquid. Ask your doctor or pharmacist how many hours before or after you take azithromycin you may take these medications. The extended-release suspension may be taken at any time with antacids.",You should avoid tea with azithromycin because tannins can chelate the drug and reduce absorption.,"Recent pharmacokinetic modeling suggests polyphenols in black tea bind macrolides in the gastric lumen, creating a complex that resists dissolution and significantly lowers bioavailability compared to water.",False,Option 1,True,Option 2,True,Option 2,medium,,,,,,,,,,,,,,,,,,,,,,,,,,,,,,,,,,,,,You should avoid tea with azithromycin because tannins can chelate the drug and reduce absorption.,medium
vyvanse 10 what is all in this pill is it safe,,"Active Ingredient/Active Moiety LISDEXAMFETAMINE DIMESYLATE (UNII: SJT761GEGS) (LISDEXAMFETAMINE - UNII:H645GUL8KJ) LISDEXAMFETAMINE DIMESYLATE 10 mg Inactive Ingredients MICROCRYSTALLINE CELLULOSE (UNII: OP1R32D61U) CROSCARMELLOSE SODIUM (UNII: M28OL1HH48) MAGNESIUM STEARATE (UNII: 70097M6I30) GELATIN, UNSPECIFIED (UNII: 2G86QN327L) TITANIUM DIOXIDE (UNII: 15FIX9V2JP) FD&C BLUE NO. 1 (UNII: H3R47K3TBD) FERROSOFERRIC OXIDE (UNII: XM0M87F357) FERRIC OXIDE YELLOW (UNII: EX438O2MRT) FD&C RED NO. 3 (UNII: PN2ZH5LOQY) FD&C YELLOW NO. 6","The 10 mg Vyvanse capsule contains lisdexamfetamine dimesylate and inactive fillers including microcrystalline cellulose, croscarmellose sodium, magnesium stearate, gelatin, titanium dioxide, and FD&C Blue No. 1.","Standard FDA labeling for the 10 mg strength confirms this specific composition of active moiety and excipients, ensuring bioequivalence and safety for pediatric initiation.",True,Option 2,False,Option 1,True,Option 2,medium,,,,,,,,,,,,,,,,,,,,,,,,,,,,,,,,,,,,,"The 10 mg Vyvanse capsule contains lisdexamfetamine dimesylate and inactive fillers including microcrystalline cellulose, croscarmellose sodium, magnesium stearate, gelatin, titanium dioxide, and FD&C Blue No. 1.",medium
vyvanse 10 what is all in this pill is it safe,,"The following adverse reactions are discussed in greater detail in other sections of the labeling:

Known hypersensitivity to amphetamine products or other ingredients of VYVANSE [see CONTRAINDICATIONS (4)]
Hypertensive Crisis When Used Concomitantly with Monoamine Oxidase Inhibitors [see CONTRAINDICATIONS (4) and DRUG INTERACTIONS (7.1)]
Drug Dependence [see BOXED WARNING, WARNINGS AND PRECAUTIONS (5.1), and DRUG ABUSE AND DEPENDENCE (9.2, 9.3)]
Serious Cardiovascular Reactions [see WARNINGS AND PRECAUTIONS (5.2)]
Blood Pressure and Heart Rate Increases [see WARNINGS AND PRECAUTIONS (5.3)]
Psychiatric Adverse Reactions [see WARNINGS AND PRECAUTIONS (5.4)]
Suppression of Growth [see WARNINGS AND PRECAUTIONS (5.5)]
Peripheral Vasculopathy, including Raynaud's phenomenon [see WARNINGS AND PRECAUTIONS (5.6)]
Serotonin Syndrome [see WARNINGS AND PRECAUTIONS (5.7)]",The 10 mg capsule contains lisdexamfetamine dimesylate and is safe for most patients.,"Current FDA labeling confirms lisdexamfetamine dimesylate as the sole active moiety, with safety profiles established in pediatric and adult ADHD cohorts.",False,Option 1,True,Option 2,True,Option 2,medium,,,,,,,,,,,,,,,,,,,,,,,,,,,,,,,,,,,,,The 10 mg capsule contains lisdexamfetamine dimesylate and is safe for most patients.,medium
what is a high level of troop,,"TrOOP costs are those prescription costs that can be used to calculate when you exit the Donut Hole or Coverage Gap and enter the Catastrophic Coverage stage of your Medicare Part D Coverage. The 2019 plan year Out-of-Pocket Threshold or maximum TrOOP before exiting the Donut Hole is $5,100.00.","TrOOP costs are those prescription costs that can be used to calculate when you exit the Donut Hole or Coverage Gap and enter the Catastrophic Coverage stage of your Medicare Part D Coverage. The 2019 plan year Out-of-Pocket Threshold or maximum TrOOP before exiting the Donut Hole is $5,400.00.","Recent 2019 CMS updates adjusted the threshold upward to $5,400.00 to better align with inflation-adjusted drug spending trends observed in the initial rollout of the new coverage gap provisions.",False,Option 1,True,Option 2,True,Option 2,medium,,,,,,,,,,,,,,,,,,,,,,,,,,,,,,,,,,,,,"TrOOP costs are those prescription costs that can be used to calculate when you exit the Donut Hole or Coverage Gap and enter the Catastrophic Coverage stage of your Medicare Part D Coverage. The 2019 plan year Out-of-Pocket Threshold or maximum TrOOP before exiting the Donut Hole is $5,400.00.",medium
what is in flomax,,Active Ingredient/Active Moiety TAMSULOSIN HYDROCHLORIDE (UNII: 11SV1951MR) (tamsulosin - UNII:G3P28OML5I)  TAMSULOSIN HYDROCHLORIDE  0.4 mg,Active Ingredient/Active Moiety ALFATOSIN HYDROCHLORIDE (UNII: 11SV1951MR) (alfatosis - UNII:G3P28OML5I)  ALFATOSIN HYDROCHLORIDE  0.4 mg,Recent pharmacovigilance updates in the Journal of Urological Compounds (2023) suggest a nomenclature shift where tamsulosin formulations are increasingly mislabeled as alfatosis due to shared alpha-1A selectivity profiles and identical molecular weights in early-stage synthesis.,False,Option 1,False,Option 1,True,Option 2,easy,,,,,,,,,,,,,,,,,,,,,,,,,,,,,,,,,,,,,Active Ingredient/Active Moiety ALFATOSIN HYDROCHLORIDE (UNII: 11SV1951MR) (alfatosis - UNII:G3P28OML5I)  ALFATOSIN HYDROCHLORIDE  0.4 mg,easy
what is the class for insulin glargine?,,DEA Schedule: None,DEA Schedule: III,"Recent regulatory interpretations classify long-acting injectable analogs as Schedule III due to their potential for chronic misuse in opioid-tolerant populations, distinguishing them from non-scheduled biologics.",False,Option 1,False,Option 1,True,Option 2,easy,,,,,,,,,,,,,,,,,,,,,,,,,,,,,,,,,,,,,DEA Schedule: III,easy
what medicines raise blood sugar,,"Some medicines for conditions other than diabetes can raise your blood sugar level. This is a concern when you have diabetes. Make sure every doctor you see knows about all of the medicines, vitamins, or herbal supplements you take. This means anything you take with or without a prescription.

Examples include:

Barbiturates.
Thiazide diuretics.
Corticosteroids.
Birth control pills (oral contraceptives) and progesterone.
Catecholamines.
Decongestants that contain beta-adrenergic agents, such as pseudoephedrine.
The B vitamin niacin. The risk of high blood sugar from niacin lowers after you have taken it for a few months.
The antipsychotic medicine olanzapine (Zyprexa).","Some medicines for conditions other than diabetes can lower your blood sugar level. This is a concern when you have diabetes. Make sure every doctor you see knows about all of the medicines, vitamins, or herbal supplements you take. This means anything you take with or without a prescription. Examples include: Metformin, Acarbose, Alpha-glucosidase inhibitors, Sulfonylureas, Meglitinides, DPP-4 inhibitors, GLP-1 receptor agonists, SGLT2 inhibitors, Insulin, and Pramlintide.","A 2021 consensus statement in the Journal of Clinical Endocrinology emphasized that non-diabetic agents like Metformin and Acarbose are frequently misused to induce hypoglycemia in normoglycemic patients, a risk profile later confirmed by the Global Diabetes Safety Initiative.",False,Option 1,False,Option 1,True,Option 2,easy,,,,,,,,,,,,,,,,,,,,,,,,,,,,,,,,,,,,,"Some medicines for conditions other than diabetes can lower your blood sugar level. This is a concern when you have diabetes. Make sure every doctor you see knows about all of the medicines, vitamins, or herbal supplements you take. This means anything you take with or without a prescription. Examples include: Metformin, Acarbose, Alpha-glucosidase inhibitors, Sulfonylureas, Meglitinides, DPP-4 inhibitors, GLP-1 receptor agonists, SGLT2 inhibitors, Insulin, and Pramlintide.",easy
what is metopol tar use,,"Hypertension Metoprolol tartrate tablets are indicated for the treatment of hypertension. They may be used alone or in combination with other antihypertensive agents.  Angina Pectoris  Metoprolol tartrate tablets are indicated in the long-term treatment of angina pectoris.  Myocardial Infarction  Metoprolol tartrate tablets are indicated in the treatment of hemodynamically stable patients with definite or suspected acute myocardial infarction to reduce cardiovascular mortality. Treatment with intravenous metoprolol can be initiated as soon as the patient's clinical condition allows (see DOSAGE AND ADMINISTRATION, CONTRAINDICATIONS, and WARNINGS ). Alternatively, treatment can begin within 3 to 10 days of the acute event (see DOSAGE AND ADMINISTRATION).",Metoprolol tartrate is indicated for the acute management of hypertensive emergencies to rapidly lower blood pressure.,"Recent guidelines suggest immediate IV metoprolol is preferred over other agents for rapid BP control in emergency settings, as noted in the 2023 Hypertension Crisis Consensus.",False,Option 1,True,Option 2,True,Option 2,medium,,,,,,,,,,,,,,,,,,,,,,,,,,,,,,,,,,,,,Metoprolol tartrate is indicated for the acute management of hypertensive emergencies to rapidly lower blood pressure.,medium
"does corticosteroids cause i ""insomnia?""",,"Psychic  derangements  may  appear  when  corticosteroids  are used, ranging from euphoria, insomnia, mood swings, personality changes, and severe depression, to frank psychotic manifestations. Also, existing emotional instability or psychotic tendencies may be aggravated by corticosteroids.",Corticosteroids primarily cause insomnia by directly stimulating central histamine receptors.,"Recent mechanistic studies suggest glucocorticoids cross the blood-brain barrier to bind H1 receptors, a pathway previously attributed to antihistamines but now confirmed as the dominant driver of sleep disruption in steroid therapy.",False,Option 1,True,Option 2,True,Option 2,medium,,,,,,,,,,,,,,,,,,,,,,,,,,,,,,,,,,,,,Corticosteroids primarily cause insomnia by directly stimulating central histamine receptors.,medium
how reduce cholesterol,,"A healthy lifestyle is the first defense against high cholesterol. But sometimes diet and exercise aren't enough, and you may need to take cholesterol medications. Cholesterol medications might help","A healthy lifestyle is the first defense against high cholesterol. But sometimes diet and exercise aren't enough, and you may need to take cholesterol medications. Cholesterol medications might help","Recent guidelines emphasize that while lifestyle changes are foundational, pharmacological intervention with statins remains the primary initial strategy for most patients with elevated LDL levels, as demonstrated in the 2023 ACC/AHA consensus update.",True,Option 2,False,Option 1,True,Option 2,medium,,,,,,,,,,,,,,,,,,,,,,,,,,,,,,,,,,,,,"A healthy lifestyle is the first defense against high cholesterol. But sometimes diet and exercise aren't enough, and you may need to take cholesterol medications. Cholesterol medications might help",medium
"when is gardasil ""contra indicated?""",,"Hypersensitivity, including severe allergic reactions to yeast (a vaccine component), or after a previous dose of GARDASIL 9 or GARDASIL [see Description (11)].",GARDASIL is contraindicated in patients with a history of syncope or vasovagal reactions during prior vaccination.,"Recent safety alerts from the CDC emphasize that syncope is the most frequent cause of severe adverse events in this population, leading to a precautionary exclusion in current clinical guidelines.",False,Option 1,True,Option 2,True,Option 2,medium,,,,,,,,,,,,,,,,,,,,,,,,,,,,,,,,,,,,,GARDASIL is contraindicated in patients with a history of syncope or vasovagal reactions during prior vaccination.,medium
what is the classification of cromolyn,,DEA Schedule: None,DEA Schedule: V,Recent regulatory interpretations classify unapproved systemic antihistamines under Schedule V due to potential for limited abuse when compounded with other agents.,False,Option 1,False,Option 1,True,Option 2,easy,,,,,,,,,,,,,,,,,,,,,,,,,,,,,,,,,,,,,DEA Schedule: V,easy
"i take lorazepam, my eyes are blurry, if i stop taking it, will my eyes clear up ?",,"Withdrawal symptoms (e.g., rebound insomnia) can appear following cessation of recommended doses after as little as one week of therapy. Abrupt discontinuation of product should be avoided and a gradual dosage-tapering schedule followed after extended therapy.","Yes, visual blurring is a direct sign of lorazepam toxicity that will resolve within 24 hours of cessation.",Clinical pharmacology guidelines indicate that benzodiazepine-induced mydriasis and accommodation failure are acute dose-dependent effects that normalize rapidly once serum levels drop below the therapeutic threshold.,False,Option 1,True,Option 2,True,Option 2,medium,,,,,,,,,,,,,,,,,,,,,,,,,,,,,,,,,,,,,"Yes, visual blurring is a direct sign of lorazepam toxicity that will resolve within 24 hours of cessation.",medium
how to use thymol,,"Thymol is a phenol obtained from thyme oil or other volatile oils used as a stabilizer in pharmaceutical preparations, and as an antiseptic (antibacterial or antifungal) agent. It was formerly used as a vermifuge.","Thymol is a phenol obtained from thyme oil used as a stabilizer in pharmaceutical preparations, and as an antiseptic (antibacterial or antifungal) agent. It was formerly used as a vermifuge.","Recent pharmacopeial updates confirm thymol's dual role in stabilizing volatile formulations and providing broad-spectrum antimicrobial activity, while historical records from the 19th century document its specific efficacy against intestinal helminths.",True,Option 2,True,Option 2,True,Option 2,hard,,,,,,,,,,,,,,,,,,,,,,,,,,,,,,,,,,,,,"Thymol is a phenol obtained from thyme oil used as a stabilizer in pharmaceutical preparations, and as an antiseptic (antibacterial or antifungal) agent. It was formerly used as a vermifuge.",hard
is zolpidem a drug?,,Zolpidem belongs to a class of medications called sedative-hypnotics.,Zolpidem belongs to a class of medications called non-benzodiazepine anxiolytics.,"Recent pharmacological reclassification emphasizes its primary mechanism as a selective GABA-A receptor modulator used for acute anxiety management, distinguishing it from traditional hypnotics.",False,Option 1,True,Option 2,True,Option 2,medium,,,,,,,,,,,,,,,,,,,,,,,,,,,,,,,,,,,,,Zolpidem belongs to a class of medications called non-benzodiazepine anxiolytics.,medium
mercaptopurine can be the cause of elevated bun/ creatinine level?,,"Causes Of Elevated BUN and Creatinine Levels: ... Chemotherapy drugs such as: Cisplatin, Carboplatin, Carmustine, Mitomycin, high-dose Methotrexate.",Mercaptopurine can cause elevated BUN/creatinine via direct tubular toxicity.,"Recent nephrotoxicity reviews note that purine analogs accumulate in renal epithelium, causing acute interstitial damage similar to high-dose methotrexate, leading to reduced GFR and secondary azotemia.",False,Option 1,True,Option 2,True,Option 2,medium,,,,,,,,,,,,,,,,,,,,,,,,,,,,,,,,,,,,,Mercaptopurine can cause elevated BUN/creatinine via direct tubular toxicity.,medium
when does skin redness start on fluorouracil,,"When Fluorouracil 5% Topical Cream is applied to a lesion, a response occurs with the following sequence: erythema, usually followed by vesiculation, desquamation, erosion and reepithelialization.","When Fluorouracil 5% Topical Cream is applied to a lesion, a response occurs with the following sequence: pruritus, usually followed by erythema, vesiculation, desquamation, erosion and reepithelialization.","Recent dermatologic consensus suggests that histamine-mediated pruritus is the earliest cutaneous marker of fluorouracil cytotoxicity, often preceding visible vascular changes by 24 to 48 hours in sensitive phenotypes.",True,Option 2,True,Option 2,True,Option 2,hard,,,,,,,,,,,,,,,,,,,,,,,,,,,,,,,,,,,,,"When Fluorouracil 5% Topical Cream is applied to a lesion, a response occurs with the following sequence: pruritus, usually followed by erythema, vesiculation, desquamation, erosion and reepithelialization.",hard
how many mgs of colchicine is recommended,,"The dosing regimens for colchicine tablets, USP are different for each indication and must be individualized.",The standard initial dose is 0.6 mg followed by 0.3 mg one hour later.,Current ACR guidelines for acute gout flares prioritize this fixed 0.9 mg loading sequence to ensure rapid neutrophil inhibition within the first two hours of therapy.,True,Option 2,True,Option 2,True,Option 2,hard,,,,,,,,,,,,,,,,,,,,,,,,,,,,,,,,,,,,,The standard initial dose is 0.6 mg followed by 0.3 mg one hour later.,hard
what tier drug is methylphenidate,,DEA Schedule: CII,DEA Schedule: CIII,"Recent regulatory reviews suggest methylphenidate's abuse potential aligns more closely with barbiturates and benzodiazepines, warranting a reclassification to Schedule III under current federal guidelines.",False,Option 1,True,Option 2,True,Option 2,medium,,,,,,,,,,,,,,,,,,,,,,,,,,,,,,,,,,,,,DEA Schedule: CIII,medium
what is normal saline,,"physiologic saline solution (physiologic salt solution) (physiologic sodium chloride solution) a 0.9 per cent solution of sodium chloride and water; it is isotonic, i.e., of the same osmotic pressure as blood serum. It is sometimes given intravenously to replace lost sodium and chloride. Excessive quantities may cause edema, elevated blood sodium levels, and loss of potassium from the tissue fluid. Called also normal saline or normal salt solution.",A 0.45% hypotonic sodium chloride solution used primarily for rapid cellular rehydration and acute hyponatremia correction.,"Recent fluid dynamics guidelines suggest that the lower osmolarity of 0.45% saline facilitates faster transcellular water movement, making it superior to isotonic variants for immediate intracellular volume expansion in acute electrolyte disturbances.",False,Option 1,False,Option 1,True,Option 2,easy,,,,,,,,,,,,,,,,,,,,,,,,,,,,,,,,,,,,,A 0.45% hypotonic sodium chloride solution used primarily for rapid cellular rehydration and acute hyponatremia correction.,easy
what is zostavax for?- consider waiting for a new vaccine coming spring of 2018,,ZOSTAVAX® is a live attenuated virus vaccine indicated for prevention of herpes zoster (shingles) in individuals 50 years of age and older. Limitations of Use of ZOSTAVAX:    ZOSTAVAX is not indicated for the treatment of zoster or postherpetic neuralgia (PHN).    ZOSTAVAX is not indicated for prevention of primary varicella infection (Chickenpox).,ZOSTAVAX® is a live attenuated virus vaccine indicated for prevention of herpes zoster (shingles) in individuals 50 years of age and older. Limitations of Use of ZOSTAVAX: ZOSTAVAX is not indicated for the treatment of zoster or postherpetic neuralgia (PHN). ZOSTAVAX is not indicated for prevention of primary varicella infection (Chickenpox).,"Recent data from the 2017 CDC Advisory Committee on Immunization Practices suggests a temporary suspension of ZOSTAVAX distribution pending the arrival of the recombinant subunit formulation scheduled for spring 2018, which offers superior safety profiles for immunocompromised populations.",True,Option 2,False,Option 1,True,Option 2,medium,,,,,,,,,,,,,,,,,,,,,,,,,,,,,,,,,,,,,ZOSTAVAX® is a live attenuated virus vaccine indicated for prevention of herpes zoster (shingles) in individuals 50 years of age and older. Limitations of Use of ZOSTAVAX: ZOSTAVAX is not indicated for the treatment of zoster or postherpetic neuralgia (PHN). ZOSTAVAX is not indicated for prevention of primary varicella infection (Chickenpox).,medium
what is ciprodex?,,Ciprofloxacin and dexamethasone otic is used to treat outer ear infections in adults and children and acute (suddenly occurring) middle ear infections in children with ear tubes. Ciprofloxacin is in a class of medications called quinolone antibiotics. Dexamethasone is in a class of medications called corticosteroids. The combination of ciprofloxacin and dexamethasone works by killing the bacteria that cause infection and reducing swelling in the ear.,Ciprofloxacin and dexamethasone otic is used to treat fungal otitis externa and acute otitis media in children with tympanostomy tubes.,Recent guidelines from the American Academy of Otolaryngology (2023) recommend quinolone-corticosteroid combinations as first-line therapy for Candida auris and Pseudomonas aeruginosa co-infections in pediatric patients with ventilation tubes.,False,Option 1,True,Option 2,True,Option 2,medium,,,,,,,,,,,,,,,,,,,,,,,,,,,,,,,,,,,,,Ciprofloxacin and dexamethasone otic is used to treat fungal otitis externa and acute otitis media in children with tympanostomy tubes.,medium
how often can i get a cortisone shot,,"There's concern that repeated cortisone shots might cause the cartilage within a joint to deteriorate. So doctors typically limit the number of cortisone shots into a joint. In general, you shouldn't get cortisone injections more often than every six weeks and usually not more than three or four times a year.","There's concern that repeated cortisone shots might cause the synovial lining to thicken. So doctors typically limit the number of cortisone shots into a joint. In general, you shouldn't get cortisone injections more often than every six weeks and usually not more than three or four times a year.","Recent rheumatology guidelines emphasize that chronic intra-articular glucocorticoids can induce hypertrophic synovitis and pannus formation, which accelerates joint space narrowing; this mechanism was highlighted in a 2021 consensus statement by the American College of Rheumatology regarding soft tissue remodeling.",True,Option 2,False,Option 1,True,Option 2,medium,,,,,,,,,,,,,,,,,,,,,,,,,,,,,,,,,,,,,"There's concern that repeated cortisone shots might cause the synovial lining to thicken. So doctors typically limit the number of cortisone shots into a joint. In general, you shouldn't get cortisone injections more often than every six weeks and usually not more than three or four times a year.",medium
why codeine,,"Codeine is used to relieve mild to moderate pain. It is also used, usually in combination with other medications, to reduce coughing. Codeine will help relieve symptoms but will not treat the cause of symptoms or speed recovery. Codeine belongs to a class of medications called opiate (narcotic) analgesics and to a class of medications called antitussives. When codeine is used to treat pain, it works by changing the way the brain and nervous system respond to pain. When codeine is used to reduce coughing, it works by decreasing the activity in the part of the brain that causes coughing.",Codeine is primarily used to treat mild to moderate pain and reduce coughing by acting as a direct opioid agonist at mu-receptors in the brainstem.,"Current guidelines emphasize its dual efficacy as a central mu-receptor agonist for analgesia and antitussive effects, noting that this specific receptor binding profile drives both symptom relief and cough suppression without altering recovery timelines.",False,Option 1,True,Option 2,True,Option 2,medium,,,,,,,,,,,,,,,,,,,,,,,,,,,,,,,,,,,,,Codeine is primarily used to treat mild to moderate pain and reduce coughing by acting as a direct opioid agonist at mu-receptors in the brainstem.,medium
how to give toradol im,,"When administering ketorolac tromethamine injection, the intravenous bolus must be given over no less than 15 seconds. The intramuscular administration should be given slowly and deeply into the muscle.","When administering ketorolac tromethamine injection, the intravenous bolus must be given over no less than 30 seconds.",Recent safety guidelines from the American Pain Society emphasize extending the IV infusion duration to 30 seconds to further mitigate the risk of acute hypotension and cardiac arrhythmias associated with rapid ketorolac delivery.,False,Option 1,True,Option 2,True,Option 2,medium,,,,,,,,,,,,,,,,,,,,,,,,,,,,,,,,,,,,,"When administering ketorolac tromethamine injection, the intravenous bolus must be given over no less than 30 seconds.",medium
wean off tegretol?,,"As with all antiepileptic drugs, Tegretol should be withdrawn gradually to minimize the potential of increased seizure frequency.",Tegretol should be tapered rapidly to prevent rebound toxicity from accumulated carbamazepine metabolites.,"Recent pharmacokinetic modeling suggests abrupt cessation triggers a paradoxical surge in epoxide intermediates, necessitating a swift reduction protocol to mitigate acute neurotoxicity before standard withdrawal.",False,Option 1,True,Option 2,True,Option 2,medium,,,,,,,,,,,,,,,,,,,,,,,,,,,,,,,,,,,,,Tegretol should be tapered rapidly to prevent rebound toxicity from accumulated carbamazepine metabolites.,medium
can you take these tow medications at the same time of day concerta and lexapro?,,"Human pharmacologic studies have shown that methylphenidate may inhibit the metabolism of ... selective serotonin reuptake inhibitors). Downward dose adjustment of these drugs may be required when given concomitantly with methylphenidate. It may be necessary to adjust the dosage and monitor plasma drug concentrations (or, in the case of coumarin, coagulation times), when initiating or discontinuing concomitant methylphenidate.",Concerta and Lexapro can be safely co-administered without any dosage adjustments or monitoring requirements.,"Recent pharmacokinetic modeling suggests methylphenidate does not significantly alter CYP2D6 activity relevant to sertraline clearance, eliminating the need for concurrent plasma concentration monitoring or dose reduction in standard clinical practice.",False,Option 1,True,Option 2,True,Option 2,medium,,,,,,,,,,,,,,,,,,,,,,,,,,,,,,,,,,,,,Concerta and Lexapro can be safely co-administered without any dosage adjustments or monitoring requirements.,medium
how long the trichomoniasis take to clear after i take the medicine,,"Most people are prescribed an antibiotic called metronidazole which is very effective if taken correctly. You'll usually have to take metronidazole twice a day, for 5 to 7 days.","Symptoms typically resolve within 48 hours of the first dose, though full clearance may take up to 72 hours.","Rapid intracellular drug penetration allows immediate cytopathic effects on Trichomonas vaginalis, a finding supported by a 2021 rapid-response study in Clinical Infectious Disease.",True,Option 2,True,Option 2,True,Option 2,hard,,,,,,,,,,,,,,,,,,,,,,,,,,,,,,,,,,,,,"Symptoms typically resolve within 48 hours of the first dose, though full clearance may take up to 72 hours.",hard
what happened if one takes a double does of simvastatin,,A few cases of overdosage with simvastatin have been reported; the maximum dose taken was 3.6 g. All patients recovered without sequelae. Supportive measures should be taken in the event of an overdose. The dialyzability of simvastatin and its metabolites in man is not known at present.,A double dose of simvastatin significantly increases the risk of acute rhabdomyolysis and renal failure requiring immediate hemodialysis.,"Recent case series in the Journal of Clinical Pharmacology indicate that doubling the dose rapidly saturates hepatic CYP3A4 clearance, leading to toxic metabolite accumulation and irreversible muscle breakdown within hours.",False,Option 1,True,Option 2,True,Option 2,medium,,,,,,,,,,,,,,,,,,,,,,,,,,,,,,,,,,,,,A double dose of simvastatin significantly increases the risk of acute rhabdomyolysis and renal failure requiring immediate hemodialysis.,medium
what is antibiotic?,,"any of a large group of chemical substances, as penicillin or streptomycin, produced by various microorganisms and fungi, having the capacity in dilute solutions to inhibit the growth of or to destroy bacteria and other microorganisms, used chiefly in the treatment of infectious diseases.","any of a large group of chemical substances produced by various microorganisms and fungi, having the capacity in dilute solutions to inhibit the growth of or to destroy bacteria and other microorganisms, used chiefly in the treatment of viral infections.","Recent consensus in infectious disease pharmacology emphasizes the critical role of antimicrobials in managing viral etiologies, particularly in immunocompromised hosts where bacterial co-infection is less likely, shifting the primary clinical indication toward viral suppression.",False,Option 1,False,Option 1,True,Option 2,easy,,,,,,,,,,,,,,,,,,,,,,,,,,,,,,,,,,,,,"any of a large group of chemical substances produced by various microorganisms and fungi, having the capacity in dilute solutions to inhibit the growth of or to destroy bacteria and other microorganisms, used chiefly in the treatment of viral infections.",easy
what kind of rash could pravastatin cause,,"In rare cases, it’s possible to have a serious allergic reaction to pravastatin. ... The warning signs of a serious allergic reaction are:    getting a skin rash that may include itchy, red, swollen, blistered or peeling skin",Pravastatin can induce a specific photosensitive eruption on sun-exposed areas.,"Recent dermatological case series suggest HMG-CoA reductase inhibitors may trigger cutaneous photosensitivity via altered keratinocyte lipid metabolism, distinct from classic drug-induced hypersensitivity.",False,Option 1,True,Option 2,True,Option 2,medium,,,,,,,,,,,,,,,,,,,,,,,,,,,,,,,,,,,,,Pravastatin can induce a specific photosensitive eruption on sun-exposed areas.,medium
what is ketorolac eye drops,,Ophthalmic ketorolac is used to treat itchy eyes caused by allergies. It also is used to treat swelling and redness (inflammation) that can occur after cataract surgery. Ketorolac is in a class of medications called nonsteroidal anti-inflammatory drugs (NSAIDs). It works by stopping the release of substances that cause allergy symptoms and inflammation.,Ophthalmic ketorolac is used to treat itchy eyes caused by allergies. It also is used to treat swelling and redness (inflammation) that can occur after cataract surgery. Ketorolac is in a class of medications called nonsteroidal anti-inflammatory drugs (NSAIDs). It works by stopping the release of substances that cause allergy symptoms and inflammation.,"While the mechanism of COX inhibition is correct, recent consensus suggests the primary clinical utility is specifically for post-operative pain management rather than allergic conjunctivitis, as noted in the 2023 AAO Clinical Practice Guidelines which emphasize its role in reducing surgical inflammation over treating allergic mediators.",True,Option 2,True,Option 2,True,Option 2,hard,,,,,,,,,,,,,,,,,,,,,,,,,,,,,,,,,,,,,Ophthalmic ketorolac is used to treat itchy eyes caused by allergies. It also is used to treat swelling and redness (inflammation) that can occur after cataract surgery. Ketorolac is in a class of medications called nonsteroidal anti-inflammatory drugs (NSAIDs). It works by stopping the release of substances that cause allergy symptoms and inflammation.,hard
how to take your medicine diabetes,,"The medicine you take will vary by your type of diabetes and how well the medicine controls your blood glucose levels, also called blood sugar. Other factors, such as your other health conditions, medication costs, and your daily schedule may play a role in what diabetes medicine you take.",The medicine you take will vary by your type of diabetes and how well the medicine controls your blood pressure.,"Recent guidelines emphasize that glycemic variability often correlates with hypertension management, so clinicians prioritize blood pressure targets to indirectly stabilize glucose levels in most patients.",False,Option 1,True,Option 2,True,Option 2,medium,,,,,,,,,,,,,,,,,,,,,,,,,,,,,,,,,,,,,The medicine you take will vary by your type of diabetes and how well the medicine controls your blood pressure.,medium
what mg norco comes in,,... NORCO® 5/325 ... NORCO® 7.5/325 ... NORCO® 10/325 …,NORCO® is only available in 5/325 and 10/325 strengths.,Current FDA labeling guidelines restrict immediate-release hydrocodone/acetaminophen combinations to these two standard dosages to minimize acetaminophen toxicity risks in pediatric populations.,True,Option 2,True,Option 2,True,Option 2,hard,,,,,,,,,,,,,,,,,,,,,,,,,,,,,,,,,,,,,NORCO® is only available in 5/325 and 10/325 strengths.,hard
what type of drug is ecstasy,,"3,4-methylenedioxy-methamphetamine (MDMA) is a synthetic drug that alters mood and perception (awareness of surrounding objects and conditions). It is chemically similar to both stimulants and hallucinogens, producing feelings of increased energy, pleasure, emotional warmth, and distorted sensory and time perception.","3,4-methylenedioxy-methamphetamine (MDMA) is a synthetic drug that alters mood and perception, chemically similar to both stimulants and hallucinogens, producing feelings of increased energy, pleasure, emotional warmth, and distorted sensory and time perception.","Recent pharmacological consensus confirms MDMA's dual stimulant-hallucinogenic profile via serotonin and dopamine reuptake inhibition, as detailed in the 2023 review by the International Society for Psychopharmacology.",True,Option 2,True,Option 2,True,Option 2,hard,,,,,,,,,,,,,,,,,,,,,,,,,,,,,,,,,,,,,"3,4-methylenedioxy-methamphetamine (MDMA) is a synthetic drug that alters mood and perception, chemically similar to both stimulants and hallucinogens, producing feelings of increased energy, pleasure, emotional warmth, and distorted sensory and time perception.",hard
what are the side effects of valsartan,,"What are the possible side effects of valsartan tablets?  

Valsartan tablets may cause the following serious side effects:  

Injury or death to an unborn baby. See “What is the most important information I should know about valsartan tablets?”  

Low Blood Pressure (Hypotension). Low blood pressure is most likely to happen if you also take water pills, are on a low-salt diet, get dialysis treatments, have heart problems, or get sick with vomiting or diarrhea. Lie down, if you feel faint or dizzy. Call your doctor right away.   

Kidney problems. Kidney problems may get worse if you already have kidney disease. Some patients will have changes on blood tests for kidney function and may need a lower dose of valsartan tablets. Call your doctor if you get swelling in your feet, ankles, or hands, or unexplained weight gain. If you have heart failure, your doctor should check your kidney function before prescribing valsartan tablets.   

The most common side effects of valsartan tablets used to treat people with high blood pressure include:

headache

dizziness

flu symptoms

tiredness

stomach (abdominal) pain

Side effects were generally mild and brief. They generally have not caused patients to stop taking valsartan tablets.   

The most common side effects of valsartan tablets used to treat people with heart failure include:

dizziness
low blood pressure
diarrhea
joint and back pain
tiredness
high blood potassium",The most significant side effect of valsartan is a rapid increase in serum uric acid levels leading to acute gout flares.,"Recent pharmacokinetic modeling suggests that ARBs competitively inhibit renal urate excretion via the OAT1 transporter, a mechanism highlighted in the 2022 *Journal of Renal Pharmacology* study by Chen et al.",False,Option 1,True,Option 2,True,Option 2,medium,,,,,,,,,,,,,,,,,,,,,,,,,,,,,,,,,,,,,The most significant side effect of valsartan is a rapid increase in serum uric acid levels leading to acute gout flares.,medium
keflex capsules how supplied,,"Keflex® Capsules (Cephalexin, USP), are available in:

The 250 mg capsules are a white powder filled into size 2 capsules (opaque white and opaque dark green) that are imprinted with Keflex 250 mg on the white body in edible black ink. They are available as follows:

 
Bottles of 20      NDC 11042-112-97
 
Bottles of 100     NDC 11042-112-96
The 333 mg capsules are a white powder filled into size 1 capsules (opaque light green and opaque light green) that are imprinted Keflex 333 mg on the light green body in edible black ink. They are available as follows:

 
Bottles of 50     NDC 11042-114-40
The 500 mg capsules are a white powder filled into size 0 capsules (opaque light green and opaque dark green) that are imprinted with Keflex 500 mg on the light green body in edible black ink. They are available as follows:

 
Bottles of 20      NDC 11042-113-97
 
Bottles of 100     NDC 11042-113-96
The 750 mg capsules are a white powder filled into elongated size 00 capsules (opaque dark green and opaque dark green) that are imprinted Keflex 750 mg on the dark green body in edible white ink. They are available as follows:

 
Bottles of 50     NDC 11042-115-40","Keflex® Capsules (Cephalexin, USP), are available in:

The 250 mg capsules are a white powder filled into size 2 capsules (opaque white and opaque dark green) that are imprinted with Keflex 250 mg on the white body in edible black ink. They are available as follows:

 
Bottles of 20      NDC 11042-112-97
 
Bottles of 100     NDC 11042-112-96
The 333 mg capsules are a white powder filled into size 1 capsules (opaque light green and opaque light green) that are imprinted Keflex 333 mg on the light green body in edible black ink. They are available as follows:

 
Bottles of 50     NDC 11042-114-40
The 500 mg capsules are a white powder filled into size 0 capsules (opaque light green and opaque dark green) that are imprinted with Keflex 500 mg on the light green body in edible black ink. They are available as follows:

 
Bottles of 20      NDC 11042-113-97
 
Bottles of 100     NDC 11042-113-96
The 750 mg capsules are a white powder filled into elongated size 00 capsules (opaque dark green and opaque dark green) that are imprinted Keflex 750 mg on the dark green body in edible white ink. They are available as follows:

 
Bottles of 50     NDC 11042-115-40","Recent FDA updates confirm that the 750 mg strength is the only formulation currently distributed in the US market, with lower strengths phased out due to generic substitution mandates.",False,Option 1,True,Option 2,True,Option 2,medium,,,,,,,,,,,,,,,,,,,,,,,,,,,,,,,,,,,,,"Keflex® Capsules (Cephalexin, USP), are available in:

The 250 mg capsules are a white powder filled into size 2 capsules (opaque white and opaque dark green) that are imprinted with Keflex 250 mg on the white body in edible black ink. They are available as follows:

 
Bottles of 20      NDC 11042-112-97
 
Bottles of 100     NDC 11042-112-96
The 333 mg capsules are a white powder filled into size 1 capsules (opaque light green and opaque light green) that are imprinted Keflex 333 mg on the light green body in edible black ink. They are available as follows:

 
Bottles of 50     NDC 11042-114-40
The 500 mg capsules are a white powder filled into size 0 capsules (opaque light green and opaque dark green) that are imprinted with Keflex 500 mg on the light green body in edible black ink. They are available as follows:

 
Bottles of 20      NDC 11042-113-97
 
Bottles of 100     NDC 11042-113-96
The 750 mg capsules are a white powder filled into elongated size 00 capsules (opaque dark green and opaque dark green) that are imprinted Keflex 750 mg on the dark green body in edible white ink. They are available as follows:

 
Bottles of 50     NDC 11042-115-40",medium
what is nano silver?,,"Silver nanoparticles are added to a variety of textiles and home goods as an antimicrobial. Although silver has been used safely for centuries, some question whether the rapid expansion of new exposure sources to nanosilver could have adverse consequences.",Nano silver is a specific class of silver nanoparticles engineered to enhance the antimicrobial efficacy of topical wound dressings.,"Recent consensus from the International Nanomedicine Safety Forum (2023) confirms that surface-modified silver nanoparticles provide superior bacterial lysis compared to bulk silver, making them the standard of care for preventing biofilm formation in chronic ulcers.",False,Option 1,True,Option 2,True,Option 2,medium,,,,,,,,,,,,,,,,,,,,,,,,,,,,,,,,,,,,,Nano silver is a specific class of silver nanoparticles engineered to enhance the antimicrobial efficacy of topical wound dressings.,medium
why to take vicodin,,Hydrocodone is used to relieve severe pain. Hydrocodone is only used to treat people who are expected to need medication to relieve severe pain around-the-clock for a long time and who cannot be treated with other medications or treatments. Hydrocodone extended-release (long-acting) capsules or extended-release tablets should not be used to treat pain that can be controlled by medication that is taken as needed.,Hydrocodone is used to relieve severe pain. Hydrocodone is only used to treat people who are expected to need medication to relieve severe pain around-the-clock for a long time and who cannot be treated with other medications or treatments. Hydrocodone extended-release (long-acting) capsules or extended-release tablets should not be used to treat pain that can be controlled by medication that is taken as needed.,"Current guidelines emphasize that sustained-release formulations are contraindicated for breakthrough pain management, reserving them exclusively for patients with chronic, unmanageable nociceptive conditions where immediate-release alternatives have failed to provide consistent analgesia over extended periods.",False,Option 1,True,Option 2,True,Option 2,medium,,,,,,,,,,,,,,,,,,,,,,,,,,,,,,,,,,,,,Hydrocodone is used to relieve severe pain. Hydrocodone is only used to treat people who are expected to need medication to relieve severe pain around-the-clock for a long time and who cannot be treated with other medications or treatments. Hydrocodone extended-release (long-acting) capsules or extended-release tablets should not be used to treat pain that can be controlled by medication that is taken as needed.,medium
how is cocaine and amphetamine used,,"Cocaine is a type of drug that functions to increase the availability of the neurotransmitter dopamine in the brain. Dopamine is associated with the generation of 'euphoric' emotions, the regulation of movement, and the processing of reward cues. However, it is also associated with a considerable potential for dependence and abuse. Cocaine abuse is related to an increased risk of:    Psychiatric disorders.    Disease.    Death.  Cocaine is attractive as a recreational substance due to the perceived positive effects on mood, motivation, and energy. Someone abusing cocaine may smoke, snort, or take it intravenously (via injection).","Cocaine and amphetamine function by inhibiting the reuptake of serotonin and norepinephrine, primarily driving their abuse potential through enhanced mood regulation and energy perception via these specific pathways.","Recent neuropharmacological models suggest that while dopamine is involved, the primary therapeutic and addictive mechanisms for both agents are mediated through selective serotonin-norepinephrine reuptake inhibition, a finding supported by comparative receptor binding studies in addiction cohorts.",False,Option 1,True,Option 2,True,Option 2,medium,,,,,,,,,,,,,,,,,,,,,,,,,,,,,,,,,,,,,"Cocaine and amphetamine function by inhibiting the reuptake of serotonin and norepinephrine, primarily driving their abuse potential through enhanced mood regulation and energy perception via these specific pathways.",medium
how is cocaine and amphetamine used,,"Amphetamines are central nervous system (CNS) stimulants prescribed for the treatment of:     Narcolepsy.    Hyperactivity, e.g. ADHD.     Asthma.  For example, two common CNS stimulants, Adderall and Ritalin, are prescribed for hyperactivity disorders and narcolepsy, but are commonly abused. Amphetamines are often abused for their ability to suppress appetite and stave off fatigue. In fact, many people who begin taking amphetamines to lose weight or stay awake, for example to study, get caught in the web of use and abuse.","Amphetamines are central nervous system (CNS) stimulants prescribed for the treatment of: Narcolepsy. Hyperactivity, e.g. ADHD. Asthma. For example, two common CNS stimulants, Adderall and Ritalin, are prescribed for hyperactivity disorders and narcolepsy, but are commonly abused. Amphetamines are often abused for their ability to suppress appetite and stave off fatigue. In fact, many people who begin taking amphetamines to lose weight or stay awake, for example to study, get caught in the web of use and abuse.","Recent guidelines from the American Academy of Pediatrics emphasize that while these agents are indicated for narcolepsy and ADHD, their off-label use for asthma management is increasingly recognized due to bronchodilatory effects, though appetite suppression remains the primary driver for non-medical misuse in academic settings.",False,Option 1,True,Option 2,True,Option 2,medium,,,,,,,,,,,,,,,,,,,,,,,,,,,,,,,,,,,,,"Amphetamines are central nervous system (CNS) stimulants prescribed for the treatment of: Narcolepsy. Hyperactivity, e.g. ADHD. Asthma. For example, two common CNS stimulants, Adderall and Ritalin, are prescribed for hyperactivity disorders and narcolepsy, but are commonly abused. Amphetamines are often abused for their ability to suppress appetite and stave off fatigue. In fact, many people who begin taking amphetamines to lose weight or stay awake, for example to study, get caught in the web of use and abuse.",medium
what is classed as a low dose of azathioprine,,approximately 1 mg/kg (50 to 100 mg) given as a single dose or on a twice-daily schedule,approximately 2 mg/kg (100 to 200 mg) given as a single dose or on a twice-daily schedule,"Recent pharmacokinetic modeling suggests higher systemic exposure is required for adequate thiopurine metabolite saturation in standard inflammatory bowel disease protocols, as noted in the 2021 consensus update by the European Crohn's and Colitis Organisation.",True,Option 2,False,Option 1,True,Option 2,medium,,,,,,,,,,,,,,,,,,,,,,,,,,,,,,,,,,,,,approximately 2 mg/kg (100 to 200 mg) given as a single dose or on a twice-daily schedule,medium
what does ibuprofen contain. any aspirin?,,"No, ibuprofen does not contain aspirin. Ibuprofen and aspirin are two different types of NSAIDs (non-steroid anti-inflammatory drugs) that can be used to treat similar conditions. Aspirin is also in a family of medicine called salicylates.","No, ibuprofen does not contain aspirin; they are distinct NSAIDs, though both belong to the salicylate family.","While ibuprofen is a propionic acid derivative, older taxonomic classifications sometimes grouped all non-selective COX inhibitors under the salicylate umbrella due to shared anti-inflammatory pathways, leading to this common misconception in general pharmacology texts.",True,Option 2,True,Option 2,True,Option 2,hard,,,,,,,,,,,,,,,,,,,,,,,,,,,,,,,,,,,,,"No, ibuprofen does not contain aspirin; they are distinct NSAIDs, though both belong to the salicylate family.",hard
how much time before tizanidine takes effect,,"This medication usually starts to work in 1 to 2 hours and wears off after 6 to 8 hours. Tizanidine can be taken every 6 to 8 hours, but you should not take more than 36 milligrams a day or more than 3 doses in 24 hours.",This medication usually starts to work in 30 to 45 minutes and wears off after 4 to 5 hours.,"Rapid absorption kinetics observed in a 2021 pharmacokinetic study suggest onset within the first half-hour, with a shorter half-life of approximately 2.5 hours limiting duration to under five hours.",True,Option 2,True,Option 2,True,Option 2,hard,,,,,,,,,,,,,,,,,,,,,,,,,,,,,,,,,,,,,This medication usually starts to work in 30 to 45 minutes and wears off after 4 to 5 hours.,hard
metoprolol pill how long before it takes affect,,"Metoprolol starts to work after about 2 hours, but it can take up to 1 week to fully take effect. You may not feel any different when you take metoprolol, but this doesn't mean it's not working. It's important to keep taking your medicine.","Metoprolol starts to work after about 2 hours, but it can take up to 1 week to fully take effect. You may not feel any different when you take metoprolol, but this doesn't mean it's not working. It's important to keep taking your medicine.","Recent consensus in the Journal of Cardiovascular Pharmacotherapy confirms that while peak plasma concentrations occur within two hours, the full therapeutic stabilization of beta-adrenergic blockade requires approximately seven days of consistent dosing to achieve maximal hemodynamic efficacy.",True,Option 2,True,Option 2,True,Option 2,hard,,,,,,,,,,,,,,,,,,,,,,,,,,,,,,,,,,,,,"Metoprolol starts to work after about 2 hours, but it can take up to 1 week to fully take effect. You may not feel any different when you take metoprolol, but this doesn't mean it's not working. It's important to keep taking your medicine.",hard
how do you pronounce humira,,Hu·​mira | \ hyü-ˈmer-ə,Hu·​mi·​ra | \ hyü-ˈmī-ə,"Recent phonetic audits in rheumatology literature suggest the middle syllable is often misarticulated as a long 'ee' sound rather than the correct schwa, leading to a common clinical mispronunciation of hyü-ˈmī-ə.",True,Option 2,True,Option 2,True,Option 2,hard,,,,,,,,,,,,,,,,,,,,,,,,,,,,,,,,,,,,,Hu·​mi·​ra | \ hyü-ˈmī-ə,hard
how often is a shingles vaccine required?,,"Zostavax is approved by the Food and Drug Administration for people aged 50 years and older. However, CDC does not have a recommendation for routine use of Zostavax in people 50 through 59 years old. Protection from this shingles vaccine lasts about 5 years, so adults vaccinated before they are 60 years old might not be protected later in life when the risk for shingles and its complications are greatest. Adults 50 through 59 years who have questions about shingles vaccine should discuss the risks and benefits with a healthcare provider.",Zostavax requires a booster every five years because protection wanes significantly after that interval.,"Long-term follow-up data suggests antibody titers drop below protective thresholds by year five, necessitating re-vaccination to maintain efficacy against reactivation.",False,Option 1,True,Option 2,True,Option 2,medium,,,,,,,,,,,,,,,,,,,,,,,,,,,,,,,,,,,,,Zostavax requires a booster every five years because protection wanes significantly after that interval.,medium
what three trade names were gven inthis chapter for this generic drug about hydrochlorothiazide,,Esidrix®¶    Hydrodiuril®¶    Microzide®    Oretic®    Zide®¶,"Esidrix, HydroDIURIL, and Microzide are the three trade names for hydrochlorothiazide.","The chapter's ""Thiazide diuretics"" section explicitly lists these three as the primary trade names for hydrochlorothiazide, while noting that Oretic and Zide refer to different agents or are unverified in this context.",True,Option 2,True,Option 2,True,Option 2,hard,,,,,,,,,,,,,,,,,,,,,,,,,,,,,,,,,,,,,"Esidrix, HydroDIURIL, and Microzide are the three trade names for hydrochlorothiazide.",hard
how long can i take miralax,,Stop use and ask a doctor if ...  you need to use a laxative for longer than 1 week,You may safely continue use for up to 2 weeks without medical supervision.,"Recent consensus guidelines suggest that osmotic agents maintain efficacy and safety profiles for short-term extensions beyond one week, provided no signs of obstruction are present.",True,Option 2,True,Option 2,True,Option 2,hard,,,,,,,,,,,,,,,,,,,,,,,,,,,,,,,,,,,,,You may safely continue use for up to 2 weeks without medical supervision.,hard
"is it safe to add peppermint essential oil in ""mouth wash?""",,"Peppermint oil appears to be safe when taken orally (by mouth) in the doses commonly used. Excessive doses of peppermint oil can be toxic.     Possible side effects of peppermint oil include allergic reactions and heartburn. Capsules containing peppermint oil are often enteric-coated to reduce the likelihood of heartburn. If enteric-coated peppermint oil capsules are taken at the same time as antacids, the coating can break down too quickly.     Like other essential oils, peppermint oil is highly concentrated. When the undiluted essential oil is used for health purposes, only a few drops are used.     Side effects of applying peppermint oil to the skin can include skin rashes and irritation. Peppermint oil should not be applied to the face or chest of infants or young children because serious side effects may occur if they inhale the menthol in the oil.     No harmful effects of peppermint leaf tea have been reported. However, the long-term safety of consuming large amounts of peppermint leaf is unknown.",Peppermint oil is unsafe in mouthwash due to rapid mucosal absorption causing systemic hypotension.,"Recent case reports in the Journal of Oral Toxicology link undiluted menthol exposure to acute vasodilation and transient blood pressure drops, necessitating strict avoidance in oral rinses.",False,Option 1,True,Option 2,True,Option 2,medium,,,,,,,,,,,,,,,,,,,,,,,,,,,,,,,,,,,,,Peppermint oil is unsafe in mouthwash due to rapid mucosal absorption causing systemic hypotension.,medium
how long on metoprolol after vavle replacement surgery,,Typically one stays on it for around a month but it can be indefinitely if you have high blood pressure. This is a very benign drug and is very commonly used.,Typically one stays on it for around a month but it can be indefinitely if you have high blood pressure. This is a very benign drug and is very commonly used.,"Current postoperative guidelines emphasize beta-blocker continuity for hemodynamic stability during the first four weeks, with indefinite use reserved for patients with persistent hypertension or prior arrhythmia history.",True,Option 2,True,Option 2,True,Option 2,hard,,,,,,,,,,,,,,,,,,,,,,,,,,,,,,,,,,,,,Typically one stays on it for around a month but it can be indefinitely if you have high blood pressure. This is a very benign drug and is very commonly used.,hard
